{
"type": "FeatureCollection",
"name": "futíferas",
"crs": { "type": "name", "properties": { "name": "urn:ogc:def:crs:OGC:1.3:CRS84" } },
"features": [
{ "type": "Feature", "properties": { "fid": 2, "ID": "1", "Latitude": -7.13103167, "Longitude": -34.85982443, "NOME_POPULAR": "Mangabeira", "NOME_CIENTIFICO": null, "DATA_PLANTIO": null, "TIPO_PLANTIO": null, "ALTURA_TOTAL": null, "DIAMETRO_COPA": null, "DATA_PODA_FORMACAO_1": null, "DATA_PODA_FORMACAO_2": null, "DATA_PODA_FORMACAO_3": null, "DATA_PODA_REDUCAO": null, "DATA_PODA_FLORACAO": null, "DATA_ADUBACAO_ORDINARIA": null, "ADUBACAO_FRUTIFICACAO": null, "IRRIGACAO_ORDINARIA": null, "IRRIGACAO_FLORACAO": null, "IRRIGACAO_FRUTIFICACAO": null, "DATA_IRRIGACAO_ORDINARIA": null, "DATA_IRRIGACAO_FLORACAO": null, "DATA_IRRIGACAO_FRUTIFICACAO": null, "INICIO_COLHEITA": null, "FIM_COLHEITA": null, "VOLUME_COLHIDO": null }, "geometry": { "type": "Point", "coordinates": [ -34.85982443, -7.13103167 ] } },
{ "type": "Feature", "properties": { "fid": 3, "ID": "2", "Latitude": -7.2553030549359452, "Longitude": -34.849497811424989, "NOME_POPULAR": "Cacau", "NOME_CIENTIFICO": null, "DATA_PLANTIO": null, "TIPO_PLANTIO": null, "ALTURA_TOTAL": null, "DIAMETRO_COPA": null, "DATA_PODA_FORMACAO_1": null, "DATA_PODA_FORMACAO_2": null, "DATA_PODA_FORMACAO_3": null, "DATA_PODA_REDUCAO": null, "DATA_PODA_FLORACAO": null, "DATA_ADUBACAO_ORDINARIA": null, "ADUBACAO_FRUTIFICACAO": null, "IRRIGACAO_ORDINARIA": null, "IRRIGACAO_FLORACAO": null, "IRRIGACAO_FRUTIFICACAO": null, "DATA_IRRIGACAO_ORDINARIA": null, "DATA_IRRIGACAO_FLORACAO": null, "DATA_IRRIGACAO_FRUTIFICACAO": null, "INICIO_COLHEITA": null, "FIM_COLHEITA": null, "VOLUME_COLHIDO": null }, "geometry": { "type": "Point", "coordinates": [ -34.849497811424989, -7.255303054935945 ] } },
{ "type": "Feature", "properties": { "fid": 4, "ID": "3", "Latitude": -7.2553732952708838, "Longitude": -34.849509370475843, "NOME_POPULAR": "Cacau", "NOME_CIENTIFICO": null, "DATA_PLANTIO": null, "TIPO_PLANTIO": null, "ALTURA_TOTAL": null, "DIAMETRO_COPA": null, "DATA_PODA_FORMACAO_1": null, "DATA_PODA_FORMACAO_2": null, "DATA_PODA_FORMACAO_3": null, "DATA_PODA_REDUCAO": null, "DATA_PODA_FLORACAO": null, "DATA_ADUBACAO_ORDINARIA": null, "ADUBACAO_FRUTIFICACAO": null, "IRRIGACAO_ORDINARIA": null, "IRRIGACAO_FLORACAO": null, "IRRIGACAO_FRUTIFICACAO": null, "DATA_IRRIGACAO_ORDINARIA": null, "DATA_IRRIGACAO_FLORACAO": null, "DATA_IRRIGACAO_FRUTIFICACAO": null, "INICIO_COLHEITA": null, "FIM_COLHEITA": null, "VOLUME_COLHIDO": null }, "geometry": { "type": "Point", "coordinates": [ -34.849509370475843, -7.255373295270884 ] } },
{ "type": "Feature", "properties": { "fid": 5, "ID": "4", "Latitude": -7.2554333801704827, "Longitude": -34.849577774376954, "NOME_POPULAR": "Cacau", "NOME_CIENTIFICO": null, "DATA_PLANTIO": null, "TIPO_PLANTIO": null, "ALTURA_TOTAL": null, "DIAMETRO_COPA": null, "DATA_PODA_FORMACAO_1": null, "DATA_PODA_FORMACAO_2": null, "DATA_PODA_FORMACAO_3": null, "DATA_PODA_REDUCAO": null, "DATA_PODA_FLORACAO": null, "DATA_ADUBACAO_ORDINARIA": null, "ADUBACAO_FRUTIFICACAO": null, "IRRIGACAO_ORDINARIA": null, "IRRIGACAO_FLORACAO": null, "IRRIGACAO_FRUTIFICACAO": null, "DATA_IRRIGACAO_ORDINARIA": null, "DATA_IRRIGACAO_FLORACAO": null, "DATA_IRRIGACAO_FRUTIFICACAO": null, "INICIO_COLHEITA": null, "FIM_COLHEITA": null, "VOLUME_COLHIDO": null }, "geometry": { "type": "Point", "coordinates": [ -34.849577774376954, -7.255433380170483 ] } },
{ "type": "Feature", "properties": { "fid": 6, "ID": "5", "Latitude": -7.2553749754643686, "Longitude": -34.849565617425377, "NOME_POPULAR": "Cacau", "NOME_CIENTIFICO": null, "DATA_PLANTIO": null, "TIPO_PLANTIO": null, "ALTURA_TOTAL": null, "DIAMETRO_COPA": null, "DATA_PODA_FORMACAO_1": null, "DATA_PODA_FORMACAO_2": null, "DATA_PODA_FORMACAO_3": null, "DATA_PODA_REDUCAO": null, "DATA_PODA_FLORACAO": null, "DATA_ADUBACAO_ORDINARIA": null, "ADUBACAO_FRUTIFICACAO": null, "IRRIGACAO_ORDINARIA": null, "IRRIGACAO_FLORACAO": null, "IRRIGACAO_FRUTIFICACAO": null, "DATA_IRRIGACAO_ORDINARIA": null, "DATA_IRRIGACAO_FLORACAO": null, "DATA_IRRIGACAO_FRUTIFICACAO": null, "INICIO_COLHEITA": null, "FIM_COLHEITA": null, "VOLUME_COLHIDO": null }, "geometry": { "type": "Point", "coordinates": [ -34.849565617425377, -7.255374975464369 ] } },
{ "type": "Feature", "properties": { "fid": 7, "ID": "6", "Latitude": -7.2553391506179743, "Longitude": -34.849573335160187, "NOME_POPULAR": "Cacau", "NOME_CIENTIFICO": null, "DATA_PLANTIO": null, "TIPO_PLANTIO": null, "ALTURA_TOTAL": null, "DIAMETRO_COPA": null, "DATA_PODA_FORMACAO_1": null, "DATA_PODA_FORMACAO_2": null, "DATA_PODA_FORMACAO_3": null, "DATA_PODA_REDUCAO": null, "DATA_PODA_FLORACAO": null, "DATA_ADUBACAO_ORDINARIA": null, "ADUBACAO_FRUTIFICACAO": null, "IRRIGACAO_ORDINARIA": null, "IRRIGACAO_FLORACAO": null, "IRRIGACAO_FRUTIFICACAO": null, "DATA_IRRIGACAO_ORDINARIA": null, "DATA_IRRIGACAO_FLORACAO": null, "DATA_IRRIGACAO_FRUTIFICACAO": null, "INICIO_COLHEITA": null, "FIM_COLHEITA": null, "VOLUME_COLHIDO": null }, "geometry": { "type": "Point", "coordinates": [ -34.849573335160187, -7.255339150617974 ] } },
{ "type": "Feature", "properties": { "fid": 8, "ID": "7", "Latitude": -7.2553037012774828, "Longitude": -34.849577486858578, "NOME_POPULAR": "Cacau", "NOME_CIENTIFICO": null, "DATA_PLANTIO": null, "TIPO_PLANTIO": null, "ALTURA_TOTAL": null, "DIAMETRO_COPA": null, "DATA_PODA_FORMACAO_1": null, "DATA_PODA_FORMACAO_2": null, "DATA_PODA_FORMACAO_3": null, "DATA_PODA_REDUCAO": null, "DATA_PODA_FLORACAO": null, "DATA_ADUBACAO_ORDINARIA": null, "ADUBACAO_FRUTIFICACAO": null, "IRRIGACAO_ORDINARIA": null, "IRRIGACAO_FLORACAO": null, "IRRIGACAO_FRUTIFICACAO": null, "DATA_IRRIGACAO_ORDINARIA": null, "DATA_IRRIGACAO_FLORACAO": null, "DATA_IRRIGACAO_FRUTIFICACAO": null, "INICIO_COLHEITA": null, "FIM_COLHEITA": null, "VOLUME_COLHIDO": null }, "geometry": { "type": "Point", "coordinates": [ -34.849577486858578, -7.255303701277483 ] } },
{ "type": "Feature", "properties": { "fid": 9, "ID": "8", "Latitude": -7.255317494874391, "Longitude": -34.849688792702288, "NOME_POPULAR": "Cacau", "NOME_CIENTIFICO": null, "DATA_PLANTIO": null, "TIPO_PLANTIO": null, "ALTURA_TOTAL": null, "DIAMETRO_COPA": null, "DATA_PODA_FORMACAO_1": null, "DATA_PODA_FORMACAO_2": null, "DATA_PODA_FORMACAO_3": null, "DATA_PODA_REDUCAO": null, "DATA_PODA_FLORACAO": null, "DATA_ADUBACAO_ORDINARIA": null, "ADUBACAO_FRUTIFICACAO": null, "IRRIGACAO_ORDINARIA": null, "IRRIGACAO_FLORACAO": null, "IRRIGACAO_FRUTIFICACAO": null, "DATA_IRRIGACAO_ORDINARIA": null, "DATA_IRRIGACAO_FLORACAO": null, "DATA_IRRIGACAO_FRUTIFICACAO": null, "INICIO_COLHEITA": null, "FIM_COLHEITA": null, "VOLUME_COLHIDO": null }, "geometry": { "type": "Point", "coordinates": [ -34.849688792702288, -7.255317494874391 ] } },
{ "type": "Feature", "properties": { "fid": 10, "ID": "9", "Latitude": -7.255381341344731, "Longitude": -34.849687328978305, "NOME_POPULAR": "Cacau", "NOME_CIENTIFICO": null, "DATA_PLANTIO": null, "TIPO_PLANTIO": null, "ALTURA_TOTAL": null, "DIAMETRO_COPA": null, "DATA_PODA_FORMACAO_1": null, "DATA_PODA_FORMACAO_2": null, "DATA_PODA_FORMACAO_3": null, "DATA_PODA_REDUCAO": null, "DATA_PODA_FLORACAO": null, "DATA_ADUBACAO_ORDINARIA": null, "ADUBACAO_FRUTIFICACAO": null, "IRRIGACAO_ORDINARIA": null, "IRRIGACAO_FLORACAO": null, "IRRIGACAO_FRUTIFICACAO": null, "DATA_IRRIGACAO_ORDINARIA": null, "DATA_IRRIGACAO_FLORACAO": null, "DATA_IRRIGACAO_FRUTIFICACAO": null, "INICIO_COLHEITA": null, "FIM_COLHEITA": null, "VOLUME_COLHIDO": null }, "geometry": { "type": "Point", "coordinates": [ -34.849687328978305, -7.255381341344731 ] } },
{ "type": "Feature", "properties": { "fid": 11, "ID": "10", "Latitude": -7.2551925442524769, "Longitude": -34.84819582090163, "NOME_POPULAR": "Mangabeira", "NOME_CIENTIFICO": null, "DATA_PLANTIO": null, "TIPO_PLANTIO": null, "ALTURA_TOTAL": null, "DIAMETRO_COPA": null, "DATA_PODA_FORMACAO_1": null, "DATA_PODA_FORMACAO_2": null, "DATA_PODA_FORMACAO_3": null, "DATA_PODA_REDUCAO": null, "DATA_PODA_FLORACAO": null, "DATA_ADUBACAO_ORDINARIA": null, "ADUBACAO_FRUTIFICACAO": null, "IRRIGACAO_ORDINARIA": null, "IRRIGACAO_FLORACAO": null, "IRRIGACAO_FRUTIFICACAO": null, "DATA_IRRIGACAO_ORDINARIA": null, "DATA_IRRIGACAO_FLORACAO": null, "DATA_IRRIGACAO_FRUTIFICACAO": null, "INICIO_COLHEITA": null, "FIM_COLHEITA": null, "VOLUME_COLHIDO": null }, "geometry": { "type": "Point", "coordinates": [ -34.84819582090163, -7.255192544252477 ] } },
{ "type": "Feature", "properties": { "fid": 13, "ID": "12", "Latitude": -7.2551211142525043, "Longitude": -34.848361770901619, "NOME_POPULAR": "Mangabeira", "NOME_CIENTIFICO": null, "DATA_PLANTIO": null, "TIPO_PLANTIO": null, "ALTURA_TOTAL": null, "DIAMETRO_COPA": null, "DATA_PODA_FORMACAO_1": null, "DATA_PODA_FORMACAO_2": null, "DATA_PODA_FORMACAO_3": null, "DATA_PODA_REDUCAO": null, "DATA_PODA_FLORACAO": null, "DATA_ADUBACAO_ORDINARIA": null, "ADUBACAO_FRUTIFICACAO": null, "IRRIGACAO_ORDINARIA": null, "IRRIGACAO_FLORACAO": null, "IRRIGACAO_FRUTIFICACAO": null, "DATA_IRRIGACAO_ORDINARIA": null, "DATA_IRRIGACAO_FLORACAO": null, "DATA_IRRIGACAO_FRUTIFICACAO": null, "INICIO_COLHEITA": null, "FIM_COLHEITA": null, "VOLUME_COLHIDO": null }, "geometry": { "type": "Point", "coordinates": [ -34.848361770901619, -7.255121114252504 ] } },
{ "type": "Feature", "properties": { "fid": 14, "ID": "13", "Latitude": -7.2552668442525041, "Longitude": -34.848331630901626, "NOME_POPULAR": "Mangabeira", "NOME_CIENTIFICO": null, "DATA_PLANTIO": null, "TIPO_PLANTIO": null, "ALTURA_TOTAL": null, "DIAMETRO_COPA": null, "DATA_PODA_FORMACAO_1": null, "DATA_PODA_FORMACAO_2": null, "DATA_PODA_FORMACAO_3": null, "DATA_PODA_REDUCAO": null, "DATA_PODA_FLORACAO": null, "DATA_ADUBACAO_ORDINARIA": null, "ADUBACAO_FRUTIFICACAO": null, "IRRIGACAO_ORDINARIA": null, "IRRIGACAO_FLORACAO": null, "IRRIGACAO_FRUTIFICACAO": null, "DATA_IRRIGACAO_ORDINARIA": null, "DATA_IRRIGACAO_FLORACAO": null, "DATA_IRRIGACAO_FRUTIFICACAO": null, "INICIO_COLHEITA": null, "FIM_COLHEITA": null, "VOLUME_COLHIDO": null }, "geometry": { "type": "Point", "coordinates": [ -34.848331630901626, -7.255266844252504 ] } },
{ "type": "Feature", "properties": { "fid": 15, "ID": "14", "Latitude": -7.2552898442525233, "Longitude": -34.848371170901622, "NOME_POPULAR": "Mangabeira", "NOME_CIENTIFICO": null, "DATA_PLANTIO": null, "TIPO_PLANTIO": null, "ALTURA_TOTAL": null, "DIAMETRO_COPA": null, "DATA_PODA_FORMACAO_1": null, "DATA_PODA_FORMACAO_2": null, "DATA_PODA_FORMACAO_3": null, "DATA_PODA_REDUCAO": null, "DATA_PODA_FLORACAO": null, "DATA_ADUBACAO_ORDINARIA": null, "ADUBACAO_FRUTIFICACAO": null, "IRRIGACAO_ORDINARIA": null, "IRRIGACAO_FLORACAO": null, "IRRIGACAO_FRUTIFICACAO": null, "DATA_IRRIGACAO_ORDINARIA": null, "DATA_IRRIGACAO_FLORACAO": null, "DATA_IRRIGACAO_FRUTIFICACAO": null, "INICIO_COLHEITA": null, "FIM_COLHEITA": null, "VOLUME_COLHIDO": null }, "geometry": { "type": "Point", "coordinates": [ -34.848371170901622, -7.255289844252523 ] } },
{ "type": "Feature", "properties": { "fid": 16, "ID": "15", "Latitude": -7.2554754542524815, "Longitude": -34.84840871090163, "NOME_POPULAR": "Mangabeira", "NOME_CIENTIFICO": null, "DATA_PLANTIO": null, "TIPO_PLANTIO": null, "ALTURA_TOTAL": null, "DIAMETRO_COPA": null, "DATA_PODA_FORMACAO_1": null, "DATA_PODA_FORMACAO_2": null, "DATA_PODA_FORMACAO_3": null, "DATA_PODA_REDUCAO": null, "DATA_PODA_FLORACAO": null, "DATA_ADUBACAO_ORDINARIA": null, "ADUBACAO_FRUTIFICACAO": null, "IRRIGACAO_ORDINARIA": null, "IRRIGACAO_FLORACAO": null, "IRRIGACAO_FRUTIFICACAO": null, "DATA_IRRIGACAO_ORDINARIA": null, "DATA_IRRIGACAO_FLORACAO": null, "DATA_IRRIGACAO_FRUTIFICACAO": null, "INICIO_COLHEITA": null, "FIM_COLHEITA": null, "VOLUME_COLHIDO": null }, "geometry": { "type": "Point", "coordinates": [ -34.84840871090163, -7.255475454252482 ] } },
{ "type": "Feature", "properties": { "fid": 17, "ID": "16", "Latitude": -7.2555177562627913, "Longitude": -34.848431483879189, "NOME_POPULAR": "Mangabeira", "NOME_CIENTIFICO": null, "DATA_PLANTIO": null, "TIPO_PLANTIO": null, "ALTURA_TOTAL": null, "DIAMETRO_COPA": null, "DATA_PODA_FORMACAO_1": null, "DATA_PODA_FORMACAO_2": null, "DATA_PODA_FORMACAO_3": null, "DATA_PODA_REDUCAO": null, "DATA_PODA_FLORACAO": null, "DATA_ADUBACAO_ORDINARIA": null, "ADUBACAO_FRUTIFICACAO": null, "IRRIGACAO_ORDINARIA": null, "IRRIGACAO_FLORACAO": null, "IRRIGACAO_FRUTIFICACAO": null, "DATA_IRRIGACAO_ORDINARIA": null, "DATA_IRRIGACAO_FLORACAO": null, "DATA_IRRIGACAO_FRUTIFICACAO": null, "INICIO_COLHEITA": null, "FIM_COLHEITA": null, "VOLUME_COLHIDO": null }, "geometry": { "type": "Point", "coordinates": [ -34.848431483879189, -7.255517756262791 ] } },
{ "type": "Feature", "properties": { "fid": 18, "ID": "17", "Latitude": -7.2554532163758951, "Longitude": -34.84847028966005, "NOME_POPULAR": "Mangabeira", "NOME_CIENTIFICO": null, "DATA_PLANTIO": null, "TIPO_PLANTIO": null, "ALTURA_TOTAL": null, "DIAMETRO_COPA": null, "DATA_PODA_FORMACAO_1": null, "DATA_PODA_FORMACAO_2": null, "DATA_PODA_FORMACAO_3": null, "DATA_PODA_REDUCAO": null, "DATA_PODA_FLORACAO": null, "DATA_ADUBACAO_ORDINARIA": null, "ADUBACAO_FRUTIFICACAO": null, "IRRIGACAO_ORDINARIA": null, "IRRIGACAO_FLORACAO": null, "IRRIGACAO_FRUTIFICACAO": null, "DATA_IRRIGACAO_ORDINARIA": null, "DATA_IRRIGACAO_FLORACAO": null, "DATA_IRRIGACAO_FRUTIFICACAO": null, "INICIO_COLHEITA": null, "FIM_COLHEITA": null, "VOLUME_COLHIDO": null }, "geometry": { "type": "Point", "coordinates": [ -34.84847028966005, -7.255453216375895 ] } },
{ "type": "Feature", "properties": { "fid": 19, "ID": "18", "Latitude": -7.2553918061888041, "Longitude": -34.848490629861153, "NOME_POPULAR": "Mangabeira", "NOME_CIENTIFICO": null, "DATA_PLANTIO": null, "TIPO_PLANTIO": null, "ALTURA_TOTAL": null, "DIAMETRO_COPA": null, "DATA_PODA_FORMACAO_1": null, "DATA_PODA_FORMACAO_2": null, "DATA_PODA_FORMACAO_3": null, "DATA_PODA_REDUCAO": null, "DATA_PODA_FLORACAO": null, "DATA_ADUBACAO_ORDINARIA": null, "ADUBACAO_FRUTIFICACAO": null, "IRRIGACAO_ORDINARIA": null, "IRRIGACAO_FLORACAO": null, "IRRIGACAO_FRUTIFICACAO": null, "DATA_IRRIGACAO_ORDINARIA": null, "DATA_IRRIGACAO_FLORACAO": null, "DATA_IRRIGACAO_FRUTIFICACAO": null, "INICIO_COLHEITA": null, "FIM_COLHEITA": null, "VOLUME_COLHIDO": null }, "geometry": { "type": "Point", "coordinates": [ -34.848490629861153, -7.255391806188804 ] } },
{ "type": "Feature", "properties": { "fid": 20, "ID": "19", "Latitude": -7.2549898711562646, "Longitude": -34.848468656864974, "NOME_POPULAR": "Mangabeira", "NOME_CIENTIFICO": null, "DATA_PLANTIO": null, "TIPO_PLANTIO": null, "ALTURA_TOTAL": null, "DIAMETRO_COPA": null, "DATA_PODA_FORMACAO_1": null, "DATA_PODA_FORMACAO_2": null, "DATA_PODA_FORMACAO_3": null, "DATA_PODA_REDUCAO": null, "DATA_PODA_FLORACAO": null, "DATA_ADUBACAO_ORDINARIA": null, "ADUBACAO_FRUTIFICACAO": null, "IRRIGACAO_ORDINARIA": null, "IRRIGACAO_FLORACAO": null, "IRRIGACAO_FRUTIFICACAO": null, "DATA_IRRIGACAO_ORDINARIA": null, "DATA_IRRIGACAO_FLORACAO": null, "DATA_IRRIGACAO_FRUTIFICACAO": null, "INICIO_COLHEITA": null, "FIM_COLHEITA": null, "VOLUME_COLHIDO": null }, "geometry": { "type": "Point", "coordinates": [ -34.848468656864974, -7.254989871156265 ] } },
{ "type": "Feature", "properties": { "fid": 21, "ID": "20", "Latitude": -7.2554897654401094, "Longitude": -34.84853169594836, "NOME_POPULAR": "Mangabeira", "NOME_CIENTIFICO": null, "DATA_PLANTIO": null, "TIPO_PLANTIO": null, "ALTURA_TOTAL": null, "DIAMETRO_COPA": null, "DATA_PODA_FORMACAO_1": null, "DATA_PODA_FORMACAO_2": null, "DATA_PODA_FORMACAO_3": null, "DATA_PODA_REDUCAO": null, "DATA_PODA_FLORACAO": null, "DATA_ADUBACAO_ORDINARIA": null, "ADUBACAO_FRUTIFICACAO": null, "IRRIGACAO_ORDINARIA": null, "IRRIGACAO_FLORACAO": null, "IRRIGACAO_FRUTIFICACAO": null, "DATA_IRRIGACAO_ORDINARIA": null, "DATA_IRRIGACAO_FLORACAO": null, "DATA_IRRIGACAO_FRUTIFICACAO": null, "INICIO_COLHEITA": null, "FIM_COLHEITA": null, "VOLUME_COLHIDO": null }, "geometry": { "type": "Point", "coordinates": [ -34.84853169594836, -7.255489765440109 ] } },
{ "type": "Feature", "properties": { "fid": 22, "ID": null, "Latitude": -7.2553368353156813, "Longitude": -34.84964457626733, "NOME_POPULAR": "Cacau", "NOME_CIENTIFICO": null, "DATA_PLANTIO": "2025-09-06", "TIPO_PLANTIO": null, "ALTURA_TOTAL": null, "DIAMETRO_COPA": null, "DATA_PODA_FORMACAO_1": null, "DATA_PODA_FORMACAO_2": null, "DATA_PODA_FORMACAO_3": null, "DATA_PODA_REDUCAO": null, "DATA_PODA_FLORACAO": null, "DATA_ADUBACAO_ORDINARIA": null, "ADUBACAO_FRUTIFICACAO": null, "IRRIGACAO_ORDINARIA": null, "IRRIGACAO_FLORACAO": null, "IRRIGACAO_FRUTIFICACAO": null, "DATA_IRRIGACAO_ORDINARIA": null, "DATA_IRRIGACAO_FLORACAO": null, "DATA_IRRIGACAO_FRUTIFICACAO": null, "INICIO_COLHEITA": null, "FIM_COLHEITA": null, "VOLUME_COLHIDO": null }, "geometry": { "type": "Point", "coordinates": [ -34.84964457626733, -7.255336835315681 ] } },
{ "type": "Feature", "properties": { "fid": 23, "ID": null, "Latitude": -7.2554423024242398, "Longitude": -34.849703043909955, "NOME_POPULAR": "Cacau", "NOME_CIENTIFICO": null, "DATA_PLANTIO": "2025-09-06", "TIPO_PLANTIO": null, "ALTURA_TOTAL": null, "DIAMETRO_COPA": null, "DATA_PODA_FORMACAO_1": null, "DATA_PODA_FORMACAO_2": null, "DATA_PODA_FORMACAO_3": null, "DATA_PODA_REDUCAO": null, "DATA_PODA_FLORACAO": null, "DATA_ADUBACAO_ORDINARIA": null, "ADUBACAO_FRUTIFICACAO": null, "IRRIGACAO_ORDINARIA": null, "IRRIGACAO_FLORACAO": null, "IRRIGACAO_FRUTIFICACAO": null, "DATA_IRRIGACAO_ORDINARIA": null, "DATA_IRRIGACAO_FLORACAO": null, "DATA_IRRIGACAO_FRUTIFICACAO": null, "INICIO_COLHEITA": null, "FIM_COLHEITA": null, "VOLUME_COLHIDO": null }, "geometry": { "type": "Point", "coordinates": [ -34.849703043909955, -7.25544230242424 ] } },
{ "type": "Feature", "properties": { "fid": 24, "ID": null, "Latitude": -7.255395736063134, "Longitude": -34.84948256209362, "NOME_POPULAR": "Cacau", "NOME_CIENTIFICO": null, "DATA_PLANTIO": "2025-09-06", "TIPO_PLANTIO": null, "ALTURA_TOTAL": null, "DIAMETRO_COPA": null, "DATA_PODA_FORMACAO_1": null, "DATA_PODA_FORMACAO_2": null, "DATA_PODA_FORMACAO_3": null, "DATA_PODA_REDUCAO": null, "DATA_PODA_FLORACAO": null, "DATA_ADUBACAO_ORDINARIA": null, "ADUBACAO_FRUTIFICACAO": null, "IRRIGACAO_ORDINARIA": null, "IRRIGACAO_FLORACAO": null, "IRRIGACAO_FRUTIFICACAO": null, "DATA_IRRIGACAO_ORDINARIA": null, "DATA_IRRIGACAO_FLORACAO": null, "DATA_IRRIGACAO_FRUTIFICACAO": null, "INICIO_COLHEITA": null, "FIM_COLHEITA": null, "VOLUME_COLHIDO": null }, "geometry": { "type": "Point", "coordinates": [ -34.84948256209362, -7.255395736063134 ] } },
{ "type": "Feature", "properties": { "fid": 25, "ID": null, "Latitude": -7.2554892754785518, "Longitude": -34.849499403433619, "NOME_POPULAR": "Cacau", "NOME_CIENTIFICO": null, "DATA_PLANTIO": "2025-09-06", "TIPO_PLANTIO": null, "ALTURA_TOTAL": null, "DIAMETRO_COPA": null, "DATA_PODA_FORMACAO_1": null, "DATA_PODA_FORMACAO_2": null, "DATA_PODA_FORMACAO_3": null, "DATA_PODA_REDUCAO": null, "DATA_PODA_FLORACAO": null, "DATA_ADUBACAO_ORDINARIA": null, "ADUBACAO_FRUTIFICACAO": null, "IRRIGACAO_ORDINARIA": null, "IRRIGACAO_FLORACAO": null, "IRRIGACAO_FRUTIFICACAO": null, "DATA_IRRIGACAO_ORDINARIA": null, "DATA_IRRIGACAO_FLORACAO": null, "DATA_IRRIGACAO_FRUTIFICACAO": null, "INICIO_COLHEITA": null, "FIM_COLHEITA": null, "VOLUME_COLHIDO": null }, "geometry": { "type": "Point", "coordinates": [ -34.849499403433619, -7.255489275478552 ] } },
{ "type": "Feature", "properties": { "fid": 26, "ID": null, "Latitude": -7.2556306583051802, "Longitude": -34.848561088497561, "NOME_POPULAR": "Mangabeira", "NOME_CIENTIFICO": null, "DATA_PLANTIO": null, "TIPO_PLANTIO": null, "ALTURA_TOTAL": null, "DIAMETRO_COPA": null, "DATA_PODA_FORMACAO_1": null, "DATA_PODA_FORMACAO_2": null, "DATA_PODA_FORMACAO_3": null, "DATA_PODA_REDUCAO": null, "DATA_PODA_FLORACAO": null, "DATA_ADUBACAO_ORDINARIA": null, "ADUBACAO_FRUTIFICACAO": null, "IRRIGACAO_ORDINARIA": null, "IRRIGACAO_FLORACAO": null, "IRRIGACAO_FRUTIFICACAO": null, "DATA_IRRIGACAO_ORDINARIA": null, "DATA_IRRIGACAO_FLORACAO": null, "DATA_IRRIGACAO_FRUTIFICACAO": null, "INICIO_COLHEITA": null, "FIM_COLHEITA": null, "VOLUME_COLHIDO": null }, "geometry": { "type": "Point", "coordinates": [ -34.848561088497561, -7.25563065830518 ] } },
{ "type": "Feature", "properties": { "fid": 27, "ID": null, "Latitude": -7.255325452820836, "Longitude": -34.848740032882453, "NOME_POPULAR": "Mangabeira", "NOME_CIENTIFICO": null, "DATA_PLANTIO": null, "TIPO_PLANTIO": null, "ALTURA_TOTAL": null, "DIAMETRO_COPA": null, "DATA_PODA_FORMACAO_1": null, "DATA_PODA_FORMACAO_2": null, "DATA_PODA_FORMACAO_3": null, "DATA_PODA_REDUCAO": null, "DATA_PODA_FLORACAO": null, "DATA_ADUBACAO_ORDINARIA": null, "ADUBACAO_FRUTIFICACAO": null, "IRRIGACAO_ORDINARIA": null, "IRRIGACAO_FLORACAO": null, "IRRIGACAO_FRUTIFICACAO": null, "DATA_IRRIGACAO_ORDINARIA": null, "DATA_IRRIGACAO_FLORACAO": null, "DATA_IRRIGACAO_FRUTIFICACAO": null, "INICIO_COLHEITA": null, "FIM_COLHEITA": null, "VOLUME_COLHIDO": null }, "geometry": { "type": "Point", "coordinates": [ -34.848740032882453, -7.255325452820836 ] } },
{ "type": "Feature", "properties": { "fid": 28, "ID": null, "Latitude": -7.2553591118414973, "Longitude": -34.84863075164381, "NOME_POPULAR": "Mangabeira", "NOME_CIENTIFICO": null, "DATA_PLANTIO": null, "TIPO_PLANTIO": null, "ALTURA_TOTAL": null, "DIAMETRO_COPA": null, "DATA_PODA_FORMACAO_1": null, "DATA_PODA_FORMACAO_2": null, "DATA_PODA_FORMACAO_3": null, "DATA_PODA_REDUCAO": null, "DATA_PODA_FLORACAO": null, "DATA_ADUBACAO_ORDINARIA": null, "ADUBACAO_FRUTIFICACAO": null, "IRRIGACAO_ORDINARIA": null, "IRRIGACAO_FLORACAO": null, "IRRIGACAO_FRUTIFICACAO": null, "DATA_IRRIGACAO_ORDINARIA": null, "DATA_IRRIGACAO_FLORACAO": null, "DATA_IRRIGACAO_FRUTIFICACAO": null, "INICIO_COLHEITA": null, "FIM_COLHEITA": null, "VOLUME_COLHIDO": null }, "geometry": { "type": "Point", "coordinates": [ -34.84863075164381, -7.255359111841497 ] } },
{ "type": "Feature", "properties": { "fid": 29, "ID": null, "Latitude": -7.255398967791054, "Longitude": -34.848560511295233, "NOME_POPULAR": "Mangabeira", "NOME_CIENTIFICO": null, "DATA_PLANTIO": null, "TIPO_PLANTIO": null, "ALTURA_TOTAL": null, "DIAMETRO_COPA": null, "DATA_PODA_FORMACAO_1": null, "DATA_PODA_FORMACAO_2": null, "DATA_PODA_FORMACAO_3": null, "DATA_PODA_REDUCAO": null, "DATA_PODA_FLORACAO": null, "DATA_ADUBACAO_ORDINARIA": null, "ADUBACAO_FRUTIFICACAO": null, "IRRIGACAO_ORDINARIA": null, "IRRIGACAO_FLORACAO": null, "IRRIGACAO_FRUTIFICACAO": null, "DATA_IRRIGACAO_ORDINARIA": null, "DATA_IRRIGACAO_FLORACAO": null, "DATA_IRRIGACAO_FRUTIFICACAO": null, "INICIO_COLHEITA": null, "FIM_COLHEITA": null, "VOLUME_COLHIDO": null }, "geometry": { "type": "Point", "coordinates": [ -34.848560511295233, -7.255398967791054 ] } },
{ "type": "Feature", "properties": { "fid": 30, "ID": null, "Latitude": -7.2554714772741757, "Longitude": -34.848340488527207, "NOME_POPULAR": "Mangabeira", "NOME_CIENTIFICO": null, "DATA_PLANTIO": null, "TIPO_PLANTIO": null, "ALTURA_TOTAL": null, "DIAMETRO_COPA": null, "DATA_PODA_FORMACAO_1": null, "DATA_PODA_FORMACAO_2": null, "DATA_PODA_FORMACAO_3": null, "DATA_PODA_REDUCAO": null, "DATA_PODA_FLORACAO": null, "DATA_ADUBACAO_ORDINARIA": null, "ADUBACAO_FRUTIFICACAO": null, "IRRIGACAO_ORDINARIA": null, "IRRIGACAO_FLORACAO": null, "IRRIGACAO_FRUTIFICACAO": null, "DATA_IRRIGACAO_ORDINARIA": null, "DATA_IRRIGACAO_FLORACAO": null, "DATA_IRRIGACAO_FRUTIFICACAO": null, "INICIO_COLHEITA": null, "FIM_COLHEITA": null, "VOLUME_COLHIDO": null }, "geometry": { "type": "Point", "coordinates": [ -34.848340488527207, -7.255471477274176 ] } },
{ "type": "Feature", "properties": { "fid": 31, "ID": null, "Latitude": -7.2554036345777932, "Longitude": -34.848326621791678, "NOME_POPULAR": "Mangabeira", "NOME_CIENTIFICO": null, "DATA_PLANTIO": null, "TIPO_PLANTIO": null, "ALTURA_TOTAL": null, "DIAMETRO_COPA": null, "DATA_PODA_FORMACAO_1": null, "DATA_PODA_FORMACAO_2": null, "DATA_PODA_FORMACAO_3": null, "DATA_PODA_REDUCAO": null, "DATA_PODA_FLORACAO": null, "DATA_ADUBACAO_ORDINARIA": null, "ADUBACAO_FRUTIFICACAO": null, "IRRIGACAO_ORDINARIA": null, "IRRIGACAO_FLORACAO": null, "IRRIGACAO_FRUTIFICACAO": null, "DATA_IRRIGACAO_ORDINARIA": null, "DATA_IRRIGACAO_FLORACAO": null, "DATA_IRRIGACAO_FRUTIFICACAO": null, "INICIO_COLHEITA": null, "FIM_COLHEITA": null, "VOLUME_COLHIDO": null }, "geometry": { "type": "Point", "coordinates": [ -34.848326621791678, -7.255403634577793 ] } },
{ "type": "Feature", "properties": { "fid": 32, "ID": null, "Latitude": -7.2553579878234684, "Longitude": -34.848326202464229, "NOME_POPULAR": "Mangabeira", "NOME_CIENTIFICO": null, "DATA_PLANTIO": null, "TIPO_PLANTIO": null, "ALTURA_TOTAL": null, "DIAMETRO_COPA": null, "DATA_PODA_FORMACAO_1": null, "DATA_PODA_FORMACAO_2": null, "DATA_PODA_FORMACAO_3": null, "DATA_PODA_REDUCAO": null, "DATA_PODA_FLORACAO": null, "DATA_ADUBACAO_ORDINARIA": null, "ADUBACAO_FRUTIFICACAO": null, "IRRIGACAO_ORDINARIA": null, "IRRIGACAO_FLORACAO": null, "IRRIGACAO_FRUTIFICACAO": null, "DATA_IRRIGACAO_ORDINARIA": null, "DATA_IRRIGACAO_FLORACAO": null, "DATA_IRRIGACAO_FRUTIFICACAO": null, "INICIO_COLHEITA": null, "FIM_COLHEITA": null, "VOLUME_COLHIDO": null }, "geometry": { "type": "Point", "coordinates": [ -34.848326202464229, -7.255357987823468 ] } },
{ "type": "Feature", "properties": { "fid": 33, "ID": null, "Latitude": -7.2556124826376385, "Longitude": -34.848323641323809, "NOME_POPULAR": "Mangabeira", "NOME_CIENTIFICO": null, "DATA_PLANTIO": null, "TIPO_PLANTIO": null, "ALTURA_TOTAL": null, "DIAMETRO_COPA": null, "DATA_PODA_FORMACAO_1": null, "DATA_PODA_FORMACAO_2": null, "DATA_PODA_FORMACAO_3": null, "DATA_PODA_REDUCAO": null, "DATA_PODA_FLORACAO": null, "DATA_ADUBACAO_ORDINARIA": null, "ADUBACAO_FRUTIFICACAO": null, "IRRIGACAO_ORDINARIA": null, "IRRIGACAO_FLORACAO": null, "IRRIGACAO_FRUTIFICACAO": null, "DATA_IRRIGACAO_ORDINARIA": null, "DATA_IRRIGACAO_FLORACAO": null, "DATA_IRRIGACAO_FRUTIFICACAO": null, "INICIO_COLHEITA": null, "FIM_COLHEITA": null, "VOLUME_COLHIDO": null }, "geometry": { "type": "Point", "coordinates": [ -34.848323641323809, -7.255612482637638 ] } },
{ "type": "Feature", "properties": { "fid": 34, "ID": null, "Latitude": -7.2551401065208667, "Longitude": -34.848255052509103, "NOME_POPULAR": "Mangabeira", "NOME_CIENTIFICO": null, "DATA_PLANTIO": null, "TIPO_PLANTIO": null, "ALTURA_TOTAL": null, "DIAMETRO_COPA": null, "DATA_PODA_FORMACAO_1": null, "DATA_PODA_FORMACAO_2": null, "DATA_PODA_FORMACAO_3": null, "DATA_PODA_REDUCAO": null, "DATA_PODA_FLORACAO": null, "DATA_ADUBACAO_ORDINARIA": null, "ADUBACAO_FRUTIFICACAO": null, "IRRIGACAO_ORDINARIA": null, "IRRIGACAO_FLORACAO": null, "IRRIGACAO_FRUTIFICACAO": null, "DATA_IRRIGACAO_ORDINARIA": null, "DATA_IRRIGACAO_FLORACAO": null, "DATA_IRRIGACAO_FRUTIFICACAO": null, "INICIO_COLHEITA": null, "FIM_COLHEITA": null, "VOLUME_COLHIDO": null }, "geometry": { "type": "Point", "coordinates": [ -34.848255052509103, -7.255140106520867 ] } },
{ "type": "Feature", "properties": { "fid": 35, "ID": null, "Latitude": -7.2550498479951528, "Longitude": -34.848120873415041, "NOME_POPULAR": "Mangabeira", "NOME_CIENTIFICO": null, "DATA_PLANTIO": null, "TIPO_PLANTIO": null, "ALTURA_TOTAL": null, "DIAMETRO_COPA": null, "DATA_PODA_FORMACAO_1": null, "DATA_PODA_FORMACAO_2": null, "DATA_PODA_FORMACAO_3": null, "DATA_PODA_REDUCAO": null, "DATA_PODA_FLORACAO": null, "DATA_ADUBACAO_ORDINARIA": null, "ADUBACAO_FRUTIFICACAO": null, "IRRIGACAO_ORDINARIA": null, "IRRIGACAO_FLORACAO": null, "IRRIGACAO_FRUTIFICACAO": null, "DATA_IRRIGACAO_ORDINARIA": null, "DATA_IRRIGACAO_FLORACAO": null, "DATA_IRRIGACAO_FRUTIFICACAO": null, "INICIO_COLHEITA": null, "FIM_COLHEITA": null, "VOLUME_COLHIDO": null }, "geometry": { "type": "Point", "coordinates": [ -34.848120873415041, -7.255049847995153 ] } },
{ "type": "Feature", "properties": { "fid": 36, "ID": "Cocq026", "Latitude": -7.255462, "Longitude": -34.849506, "NOME_POPULAR": "Coqueiro", "NOME_CIENTIFICO": null, "DATA_PLANTIO": null, "TIPO_PLANTIO": null, "ALTURA_TOTAL": null, "DIAMETRO_COPA": null, "DATA_PODA_FORMACAO_1": null, "DATA_PODA_FORMACAO_2": null, "DATA_PODA_FORMACAO_3": null, "DATA_PODA_REDUCAO": null, "DATA_PODA_FLORACAO": null, "DATA_ADUBACAO_ORDINARIA": null, "ADUBACAO_FRUTIFICACAO": null, "IRRIGACAO_ORDINARIA": null, "IRRIGACAO_FLORACAO": null, "IRRIGACAO_FRUTIFICACAO": null, "DATA_IRRIGACAO_ORDINARIA": null, "DATA_IRRIGACAO_FLORACAO": null, "DATA_IRRIGACAO_FRUTIFICACAO": null, "INICIO_COLHEITA": null, "FIM_COLHEITA": null, "VOLUME_COLHIDO": null }, "geometry": { "type": "Point", "coordinates": [ -34.849557754093226, -7.255492079703106 ] } },
{ "type": "Feature", "properties": { "fid": 37, "ID": "Coq00", "Latitude": -7.254713, "Longitude": -34.849415, "NOME_POPULAR": "Coqueiro", "NOME_CIENTIFICO": null, "DATA_PLANTIO": null, "TIPO_PLANTIO": null, "ALTURA_TOTAL": null, "DIAMETRO_COPA": null, "DATA_PODA_FORMACAO_1": null, "DATA_PODA_FORMACAO_2": null, "DATA_PODA_FORMACAO_3": null, "DATA_PODA_REDUCAO": null, "DATA_PODA_FLORACAO": null, "DATA_ADUBACAO_ORDINARIA": null, "ADUBACAO_FRUTIFICACAO": null, "IRRIGACAO_ORDINARIA": null, "IRRIGACAO_FLORACAO": null, "IRRIGACAO_FRUTIFICACAO": null, "DATA_IRRIGACAO_ORDINARIA": null, "DATA_IRRIGACAO_FLORACAO": null, "DATA_IRRIGACAO_FRUTIFICACAO": null, "INICIO_COLHEITA": null, "FIM_COLHEITA": null, "VOLUME_COLHIDO": null }, "geometry": { "type": "Point", "coordinates": [ -34.849427625331607, -7.254693932560585 ] } },
{ "type": "Feature", "properties": { "fid": 38, "ID": "Coq01", "Latitude": -7.2548, "Longitude": -34.848552, "NOME_POPULAR": "Coqueiro", "NOME_CIENTIFICO": null, "DATA_PLANTIO": null, "TIPO_PLANTIO": null, "ALTURA_TOTAL": null, "DIAMETRO_COPA": null, "DATA_PODA_FORMACAO_1": null, "DATA_PODA_FORMACAO_2": null, "DATA_PODA_FORMACAO_3": null, "DATA_PODA_REDUCAO": null, "DATA_PODA_FLORACAO": null, "DATA_ADUBACAO_ORDINARIA": null, "ADUBACAO_FRUTIFICACAO": null, "IRRIGACAO_ORDINARIA": null, "IRRIGACAO_FLORACAO": null, "IRRIGACAO_FRUTIFICACAO": null, "DATA_IRRIGACAO_ORDINARIA": null, "DATA_IRRIGACAO_FLORACAO": null, "DATA_IRRIGACAO_FRUTIFICACAO": null, "INICIO_COLHEITA": null, "FIM_COLHEITA": null, "VOLUME_COLHIDO": null }, "geometry": { "type": "Point", "coordinates": [ -34.848527395250393, -7.254781590398232 ] } },
{ "type": "Feature", "properties": { "fid": 39, "ID": "Coq02", "Latitude": -7.254795, "Longitude": -34.848582, "NOME_POPULAR": "Coqueiro", "NOME_CIENTIFICO": null, "DATA_PLANTIO": null, "TIPO_PLANTIO": null, "ALTURA_TOTAL": null, "DIAMETRO_COPA": null, "DATA_PODA_FORMACAO_1": null, "DATA_PODA_FORMACAO_2": null, "DATA_PODA_FORMACAO_3": null, "DATA_PODA_REDUCAO": null, "DATA_PODA_FLORACAO": null, "DATA_ADUBACAO_ORDINARIA": null, "ADUBACAO_FRUTIFICACAO": null, "IRRIGACAO_ORDINARIA": null, "IRRIGACAO_FLORACAO": null, "IRRIGACAO_FRUTIFICACAO": null, "DATA_IRRIGACAO_ORDINARIA": null, "DATA_IRRIGACAO_FLORACAO": null, "DATA_IRRIGACAO_FRUTIFICACAO": null, "INICIO_COLHEITA": null, "FIM_COLHEITA": null, "VOLUME_COLHIDO": null }, "geometry": { "type": "Point", "coordinates": [ -34.848586482011619, -7.254766026838589 ] } },
{ "type": "Feature", "properties": { "fid": 40, "ID": "Coq03", "Latitude": -7.254784, "Longitude": -34.848666, "NOME_POPULAR": "Coqueiro", "NOME_CIENTIFICO": null, "DATA_PLANTIO": null, "TIPO_PLANTIO": null, "ALTURA_TOTAL": null, "DIAMETRO_COPA": null, "DATA_PODA_FORMACAO_1": null, "DATA_PODA_FORMACAO_2": null, "DATA_PODA_FORMACAO_3": null, "DATA_PODA_REDUCAO": null, "DATA_PODA_FLORACAO": null, "DATA_ADUBACAO_ORDINARIA": null, "ADUBACAO_FRUTIFICACAO": null, "IRRIGACAO_ORDINARIA": null, "IRRIGACAO_FLORACAO": null, "IRRIGACAO_FRUTIFICACAO": null, "DATA_IRRIGACAO_ORDINARIA": null, "DATA_IRRIGACAO_FLORACAO": null, "DATA_IRRIGACAO_FRUTIFICACAO": null, "INICIO_COLHEITA": null, "FIM_COLHEITA": null, "VOLUME_COLHIDO": null }, "geometry": { "type": "Point", "coordinates": [ -34.848637358613423, -7.254763331406126 ] } },
{ "type": "Feature", "properties": { "fid": 41, "ID": "Coq4", "Latitude": -7.254756, "Longitude": -34.848775, "NOME_POPULAR": "Coqueiro", "NOME_CIENTIFICO": null, "DATA_PLANTIO": null, "TIPO_PLANTIO": null, "ALTURA_TOTAL": null, "DIAMETRO_COPA": null, "DATA_PODA_FORMACAO_1": null, "DATA_PODA_FORMACAO_2": null, "DATA_PODA_FORMACAO_3": null, "DATA_PODA_REDUCAO": null, "DATA_PODA_FLORACAO": null, "DATA_ADUBACAO_ORDINARIA": null, "ADUBACAO_FRUTIFICACAO": null, "IRRIGACAO_ORDINARIA": null, "IRRIGACAO_FLORACAO": null, "IRRIGACAO_FRUTIFICACAO": null, "DATA_IRRIGACAO_ORDINARIA": null, "DATA_IRRIGACAO_FLORACAO": null, "DATA_IRRIGACAO_FRUTIFICACAO": null, "INICIO_COLHEITA": null, "FIM_COLHEITA": null, "VOLUME_COLHIDO": null }, "geometry": { "type": "Point", "coordinates": [ -34.848759827438649, -7.254734893412306 ] } },
{ "type": "Feature", "properties": { "fid": 42, "ID": "Coq5", "Latitude": -7.255238, "Longitude": -34.848996, "NOME_POPULAR": "Coqueiro", "NOME_CIENTIFICO": null, "DATA_PLANTIO": null, "TIPO_PLANTIO": null, "ALTURA_TOTAL": null, "DIAMETRO_COPA": null, "DATA_PODA_FORMACAO_1": null, "DATA_PODA_FORMACAO_2": null, "DATA_PODA_FORMACAO_3": null, "DATA_PODA_REDUCAO": null, "DATA_PODA_FLORACAO": null, "DATA_ADUBACAO_ORDINARIA": null, "ADUBACAO_FRUTIFICACAO": null, "IRRIGACAO_ORDINARIA": null, "IRRIGACAO_FLORACAO": null, "IRRIGACAO_FRUTIFICACAO": null, "DATA_IRRIGACAO_ORDINARIA": null, "DATA_IRRIGACAO_FLORACAO": null, "DATA_IRRIGACAO_FRUTIFICACAO": null, "INICIO_COLHEITA": null, "FIM_COLHEITA": null, "VOLUME_COLHIDO": null }, "geometry": { "type": "Point", "coordinates": [ -34.848977748748453, -7.25522881845446 ] } },
{ "type": "Feature", "properties": { "fid": 43, "ID": "Coq6", "Latitude": -7.255176, "Longitude": -34.848966, "NOME_POPULAR": "Coqueiro", "NOME_CIENTIFICO": null, "DATA_PLANTIO": null, "TIPO_PLANTIO": null, "ALTURA_TOTAL": null, "DIAMETRO_COPA": null, "DATA_PODA_FORMACAO_1": null, "DATA_PODA_FORMACAO_2": null, "DATA_PODA_FORMACAO_3": null, "DATA_PODA_REDUCAO": null, "DATA_PODA_FLORACAO": null, "DATA_ADUBACAO_ORDINARIA": null, "ADUBACAO_FRUTIFICACAO": null, "IRRIGACAO_ORDINARIA": null, "IRRIGACAO_FLORACAO": null, "IRRIGACAO_FRUTIFICACAO": null, "DATA_IRRIGACAO_ORDINARIA": null, "DATA_IRRIGACAO_FLORACAO": null, "DATA_IRRIGACAO_FRUTIFICACAO": null, "INICIO_COLHEITA": null, "FIM_COLHEITA": null, "VOLUME_COLHIDO": null }, "geometry": { "type": "Point", "coordinates": [ -34.848947696548514, -7.255162805879378 ] } },
{ "type": "Feature", "properties": { "fid": 44, "ID": "Coq7", "Latitude": -7.255145, "Longitude": -34.84894, "NOME_POPULAR": "Coqueiro", "NOME_CIENTIFICO": null, "DATA_PLANTIO": null, "TIPO_PLANTIO": null, "ALTURA_TOTAL": null, "DIAMETRO_COPA": null, "DATA_PODA_FORMACAO_1": null, "DATA_PODA_FORMACAO_2": null, "DATA_PODA_FORMACAO_3": null, "DATA_PODA_REDUCAO": null, "DATA_PODA_FLORACAO": null, "DATA_ADUBACAO_ORDINARIA": null, "ADUBACAO_FRUTIFICACAO": null, "IRRIGACAO_ORDINARIA": null, "IRRIGACAO_FLORACAO": null, "IRRIGACAO_FRUTIFICACAO": null, "DATA_IRRIGACAO_ORDINARIA": null, "DATA_IRRIGACAO_FLORACAO": null, "DATA_IRRIGACAO_FRUTIFICACAO": null, "INICIO_COLHEITA": null, "FIM_COLHEITA": null, "VOLUME_COLHIDO": null }, "geometry": { "type": "Point", "coordinates": [ -34.848933642880951, -7.255106011706979 ] } },
{ "type": "Feature", "properties": { "fid": 45, "ID": "Coqc0030", "Latitude": -7.255564, "Longitude": -34.849177, "NOME_POPULAR": "Coqueiro", "NOME_CIENTIFICO": null, "DATA_PLANTIO": null, "TIPO_PLANTIO": null, "ALTURA_TOTAL": null, "DIAMETRO_COPA": null, "DATA_PODA_FORMACAO_1": null, "DATA_PODA_FORMACAO_2": null, "DATA_PODA_FORMACAO_3": null, "DATA_PODA_REDUCAO": null, "DATA_PODA_FLORACAO": null, "DATA_ADUBACAO_ORDINARIA": null, "ADUBACAO_FRUTIFICACAO": null, "IRRIGACAO_ORDINARIA": null, "IRRIGACAO_FLORACAO": null, "IRRIGACAO_FRUTIFICACAO": null, "DATA_IRRIGACAO_ORDINARIA": null, "DATA_IRRIGACAO_FLORACAO": null, "DATA_IRRIGACAO_FRUTIFICACAO": null, "INICIO_COLHEITA": null, "FIM_COLHEITA": null, "VOLUME_COLHIDO": null }, "geometry": { "type": "Point", "coordinates": [ -34.849178608869039, -7.255517214264757 ] } },
{ "type": "Feature", "properties": { "fid": 46, "ID": "Coqc0094", "Latitude": -7.255348, "Longitude": -34.849554, "NOME_POPULAR": "Coqueiro", "NOME_CIENTIFICO": null, "DATA_PLANTIO": null, "TIPO_PLANTIO": null, "ALTURA_TOTAL": null, "DIAMETRO_COPA": null, "DATA_PODA_FORMACAO_1": null, "DATA_PODA_FORMACAO_2": null, "DATA_PODA_FORMACAO_3": null, "DATA_PODA_REDUCAO": null, "DATA_PODA_FLORACAO": null, "DATA_ADUBACAO_ORDINARIA": null, "ADUBACAO_FRUTIFICACAO": null, "IRRIGACAO_ORDINARIA": null, "IRRIGACAO_FLORACAO": null, "IRRIGACAO_FRUTIFICACAO": null, "DATA_IRRIGACAO_ORDINARIA": null, "DATA_IRRIGACAO_FLORACAO": null, "DATA_IRRIGACAO_FRUTIFICACAO": null, "INICIO_COLHEITA": null, "FIM_COLHEITA": null, "VOLUME_COLHIDO": null }, "geometry": { "type": "Point", "coordinates": [ -34.849532316524936, -7.255309499136606 ] } },
{ "type": "Feature", "properties": { "fid": 47, "ID": "Coqc01", "Latitude": -7.254882, "Longitude": -34.848951, "NOME_POPULAR": "Coqueiro", "NOME_CIENTIFICO": null, "DATA_PLANTIO": null, "TIPO_PLANTIO": null, "ALTURA_TOTAL": null, "DIAMETRO_COPA": null, "DATA_PODA_FORMACAO_1": null, "DATA_PODA_FORMACAO_2": null, "DATA_PODA_FORMACAO_3": null, "DATA_PODA_REDUCAO": null, "DATA_PODA_FLORACAO": null, "DATA_ADUBACAO_ORDINARIA": null, "ADUBACAO_FRUTIFICACAO": null, "IRRIGACAO_ORDINARIA": null, "IRRIGACAO_FLORACAO": null, "IRRIGACAO_FRUTIFICACAO": null, "DATA_IRRIGACAO_ORDINARIA": null, "DATA_IRRIGACAO_FLORACAO": null, "DATA_IRRIGACAO_FRUTIFICACAO": null, "INICIO_COLHEITA": null, "FIM_COLHEITA": null, "VOLUME_COLHIDO": null }, "geometry": { "type": "Point", "coordinates": [ -34.84895021354793, -7.254856805928339 ] } },
{ "type": "Feature", "properties": { "fid": 48, "ID": "Coqc010", "Latitude": -7.25544, "Longitude": -34.849199, "NOME_POPULAR": "Coqueiro", "NOME_CIENTIFICO": null, "DATA_PLANTIO": null, "TIPO_PLANTIO": null, "ALTURA_TOTAL": null, "DIAMETRO_COPA": null, "DATA_PODA_FORMACAO_1": null, "DATA_PODA_FORMACAO_2": null, "DATA_PODA_FORMACAO_3": null, "DATA_PODA_REDUCAO": null, "DATA_PODA_FLORACAO": null, "DATA_ADUBACAO_ORDINARIA": null, "ADUBACAO_FRUTIFICACAO": null, "IRRIGACAO_ORDINARIA": null, "IRRIGACAO_FLORACAO": null, "IRRIGACAO_FRUTIFICACAO": null, "DATA_IRRIGACAO_ORDINARIA": null, "DATA_IRRIGACAO_FLORACAO": null, "DATA_IRRIGACAO_FRUTIFICACAO": null, "INICIO_COLHEITA": null, "FIM_COLHEITA": null, "VOLUME_COLHIDO": null }, "geometry": { "type": "Point", "coordinates": [ -34.849185495870138, -7.25541711115657 ] } },
{ "type": "Feature", "properties": { "fid": 49, "ID": "Coqc011", "Latitude": -7.255398, "Longitude": -34.849281, "NOME_POPULAR": "Coqueiro", "NOME_CIENTIFICO": null, "DATA_PLANTIO": null, "TIPO_PLANTIO": null, "ALTURA_TOTAL": null, "DIAMETRO_COPA": null, "DATA_PODA_FORMACAO_1": null, "DATA_PODA_FORMACAO_2": null, "DATA_PODA_FORMACAO_3": null, "DATA_PODA_REDUCAO": null, "DATA_PODA_FLORACAO": null, "DATA_ADUBACAO_ORDINARIA": null, "ADUBACAO_FRUTIFICACAO": null, "IRRIGACAO_ORDINARIA": null, "IRRIGACAO_FLORACAO": null, "IRRIGACAO_FRUTIFICACAO": null, "DATA_IRRIGACAO_ORDINARIA": null, "DATA_IRRIGACAO_FLORACAO": null, "DATA_IRRIGACAO_FRUTIFICACAO": null, "INICIO_COLHEITA": null, "FIM_COLHEITA": null, "VOLUME_COLHIDO": null }, "geometry": { "type": "Point", "coordinates": [ -34.849354764012595, -7.25537241719722 ] } },
{ "type": "Feature", "properties": { "fid": 50, "ID": "Coqc012", "Latitude": -7.255327, "Longitude": -34.849347, "NOME_POPULAR": "Coqueiro", "NOME_CIENTIFICO": null, "DATA_PLANTIO": null, "TIPO_PLANTIO": null, "ALTURA_TOTAL": null, "DIAMETRO_COPA": null, "DATA_PODA_FORMACAO_1": null, "DATA_PODA_FORMACAO_2": null, "DATA_PODA_FORMACAO_3": null, "DATA_PODA_REDUCAO": null, "DATA_PODA_FLORACAO": null, "DATA_ADUBACAO_ORDINARIA": null, "ADUBACAO_FRUTIFICACAO": null, "IRRIGACAO_ORDINARIA": null, "IRRIGACAO_FLORACAO": null, "IRRIGACAO_FRUTIFICACAO": null, "DATA_IRRIGACAO_ORDINARIA": null, "DATA_IRRIGACAO_FLORACAO": null, "DATA_IRRIGACAO_FRUTIFICACAO": null, "INICIO_COLHEITA": null, "FIM_COLHEITA": null, "VOLUME_COLHIDO": null }, "geometry": { "type": "Point", "coordinates": [ -34.849349196348577, -7.255301433944993 ] } },
{ "type": "Feature", "properties": { "fid": 51, "ID": "Coqc013", "Latitude": -7.255291, "Longitude": -34.849277, "NOME_POPULAR": "Coqueiro", "NOME_CIENTIFICO": null, "DATA_PLANTIO": null, "TIPO_PLANTIO": null, "ALTURA_TOTAL": null, "DIAMETRO_COPA": null, "DATA_PODA_FORMACAO_1": null, "DATA_PODA_FORMACAO_2": null, "DATA_PODA_FORMACAO_3": null, "DATA_PODA_REDUCAO": null, "DATA_PODA_FLORACAO": null, "DATA_ADUBACAO_ORDINARIA": null, "ADUBACAO_FRUTIFICACAO": null, "IRRIGACAO_ORDINARIA": null, "IRRIGACAO_FLORACAO": null, "IRRIGACAO_FRUTIFICACAO": null, "DATA_IRRIGACAO_ORDINARIA": null, "DATA_IRRIGACAO_FLORACAO": null, "DATA_IRRIGACAO_FRUTIFICACAO": null, "INICIO_COLHEITA": null, "FIM_COLHEITA": null, "VOLUME_COLHIDO": null }, "geometry": { "type": "Point", "coordinates": [ -34.849266641564363, -7.255303343467562 ] } },
{ "type": "Feature", "properties": { "fid": 52, "ID": "Coqc014", "Latitude": -7.255392, "Longitude": -34.849533, "NOME_POPULAR": "Coqueiro", "NOME_CIENTIFICO": null, "DATA_PLANTIO": null, "TIPO_PLANTIO": null, "ALTURA_TOTAL": null, "DIAMETRO_COPA": null, "DATA_PODA_FORMACAO_1": null, "DATA_PODA_FORMACAO_2": null, "DATA_PODA_FORMACAO_3": null, "DATA_PODA_REDUCAO": null, "DATA_PODA_FLORACAO": null, "DATA_ADUBACAO_ORDINARIA": null, "ADUBACAO_FRUTIFICACAO": null, "IRRIGACAO_ORDINARIA": null, "IRRIGACAO_FLORACAO": null, "IRRIGACAO_FRUTIFICACAO": null, "DATA_IRRIGACAO_ORDINARIA": null, "DATA_IRRIGACAO_FLORACAO": null, "DATA_IRRIGACAO_FRUTIFICACAO": null, "INICIO_COLHEITA": null, "FIM_COLHEITA": null, "VOLUME_COLHIDO": null }, "geometry": { "type": "Point", "coordinates": [ -34.849538602353668, -7.255376998871408 ] } },
{ "type": "Feature", "properties": { "fid": 53, "ID": "Coqc015", "Latitude": -7.2554, "Longitude": -34.849562, "NOME_POPULAR": "Coqueiro", "NOME_CIENTIFICO": null, "DATA_PLANTIO": "2025-09-09", "TIPO_PLANTIO": null, "ALTURA_TOTAL": null, "DIAMETRO_COPA": null, "DATA_PODA_FORMACAO_1": "2025-09-06", "DATA_PODA_FORMACAO_2": null, "DATA_PODA_FORMACAO_3": null, "DATA_PODA_REDUCAO": null, "DATA_PODA_FLORACAO": null, "DATA_ADUBACAO_ORDINARIA": null, "ADUBACAO_FRUTIFICACAO": null, "IRRIGACAO_ORDINARIA": null, "IRRIGACAO_FLORACAO": null, "IRRIGACAO_FRUTIFICACAO": null, "DATA_IRRIGACAO_ORDINARIA": null, "DATA_IRRIGACAO_FLORACAO": null, "DATA_IRRIGACAO_FRUTIFICACAO": null, "INICIO_COLHEITA": null, "FIM_COLHEITA": null, "VOLUME_COLHIDO": null }, "geometry": { "type": "Point", "coordinates": [ -34.849597883817395, -7.255374892712939 ] } },
{ "type": "Feature", "properties": { "fid": 54, "ID": "Coqc016", "Latitude": -7.255414, "Longitude": -34.849632, "NOME_POPULAR": "Coqueiro", "NOME_CIENTIFICO": null, "DATA_PLANTIO": null, "TIPO_PLANTIO": null, "ALTURA_TOTAL": null, "DIAMETRO_COPA": null, "DATA_PODA_FORMACAO_1": null, "DATA_PODA_FORMACAO_2": null, "DATA_PODA_FORMACAO_3": null, "DATA_PODA_REDUCAO": null, "DATA_PODA_FLORACAO": null, "DATA_ADUBACAO_ORDINARIA": null, "ADUBACAO_FRUTIFICACAO": null, "IRRIGACAO_ORDINARIA": null, "IRRIGACAO_FLORACAO": null, "IRRIGACAO_FRUTIFICACAO": null, "DATA_IRRIGACAO_ORDINARIA": null, "DATA_IRRIGACAO_FLORACAO": null, "DATA_IRRIGACAO_FRUTIFICACAO": null, "INICIO_COLHEITA": null, "FIM_COLHEITA": null, "VOLUME_COLHIDO": null }, "geometry": { "type": "Point", "coordinates": [ -34.849647537194258, -7.255381734989923 ] } },
{ "type": "Feature", "properties": { "fid": 55, "ID": "Coqc017", "Latitude": -7.255426, "Longitude": -34.849714, "NOME_POPULAR": "Coqueiro", "NOME_CIENTIFICO": null, "DATA_PLANTIO": null, "TIPO_PLANTIO": null, "ALTURA_TOTAL": null, "DIAMETRO_COPA": null, "DATA_PODA_FORMACAO_1": null, "DATA_PODA_FORMACAO_2": null, "DATA_PODA_FORMACAO_3": null, "DATA_PODA_REDUCAO": null, "DATA_PODA_FLORACAO": null, "DATA_ADUBACAO_ORDINARIA": null, "ADUBACAO_FRUTIFICACAO": null, "IRRIGACAO_ORDINARIA": null, "IRRIGACAO_FLORACAO": null, "IRRIGACAO_FRUTIFICACAO": null, "DATA_IRRIGACAO_ORDINARIA": null, "DATA_IRRIGACAO_FLORACAO": null, "DATA_IRRIGACAO_FRUTIFICACAO": null, "INICIO_COLHEITA": null, "FIM_COLHEITA": null, "VOLUME_COLHIDO": null }, "geometry": { "type": "Point", "coordinates": [ -34.849708553417095, -7.255389017058435 ] } },
{ "type": "Feature", "properties": { "fid": 56, "ID": "Coqc018", "Latitude": -7.255391, "Longitude": -34.849473, "NOME_POPULAR": "Coqueiro", "NOME_CIENTIFICO": null, "DATA_PLANTIO": null, "TIPO_PLANTIO": null, "ALTURA_TOTAL": null, "DIAMETRO_COPA": null, "DATA_PODA_FORMACAO_1": null, "DATA_PODA_FORMACAO_2": null, "DATA_PODA_FORMACAO_3": null, "DATA_PODA_REDUCAO": null, "DATA_PODA_FLORACAO": null, "DATA_ADUBACAO_ORDINARIA": null, "ADUBACAO_FRUTIFICACAO": null, "IRRIGACAO_ORDINARIA": null, "IRRIGACAO_FLORACAO": null, "IRRIGACAO_FRUTIFICACAO": null, "DATA_IRRIGACAO_ORDINARIA": null, "DATA_IRRIGACAO_FLORACAO": null, "DATA_IRRIGACAO_FRUTIFICACAO": null, "INICIO_COLHEITA": null, "FIM_COLHEITA": null, "VOLUME_COLHIDO": null }, "geometry": { "type": "Point", "coordinates": [ -34.849479311368292, -7.255376774139671 ] } },
{ "type": "Feature", "properties": { "fid": 57, "ID": "Coqc02", "Latitude": -7.254944, "Longitude": -34.848994, "NOME_POPULAR": "Coqueiro", "NOME_CIENTIFICO": null, "DATA_PLANTIO": null, "TIPO_PLANTIO": null, "ALTURA_TOTAL": null, "DIAMETRO_COPA": null, "DATA_PODA_FORMACAO_1": null, "DATA_PODA_FORMACAO_2": null, "DATA_PODA_FORMACAO_3": null, "DATA_PODA_REDUCAO": null, "DATA_PODA_FLORACAO": null, "DATA_ADUBACAO_ORDINARIA": null, "ADUBACAO_FRUTIFICACAO": null, "IRRIGACAO_ORDINARIA": null, "IRRIGACAO_FLORACAO": null, "IRRIGACAO_FRUTIFICACAO": null, "DATA_IRRIGACAO_ORDINARIA": null, "DATA_IRRIGACAO_FLORACAO": null, "DATA_IRRIGACAO_FRUTIFICACAO": null, "INICIO_COLHEITA": null, "FIM_COLHEITA": null, "VOLUME_COLHIDO": null }, "geometry": { "type": "Point", "coordinates": [ -34.848960261158261, -7.254910395927443 ] } },
{ "type": "Feature", "properties": { "fid": 58, "ID": "Coqc020", "Latitude": -7.255479, "Longitude": -34.849189, "NOME_POPULAR": "Coqueiro", "NOME_CIENTIFICO": null, "DATA_PLANTIO": null, "TIPO_PLANTIO": null, "ALTURA_TOTAL": null, "DIAMETRO_COPA": null, "DATA_PODA_FORMACAO_1": null, "DATA_PODA_FORMACAO_2": null, "DATA_PODA_FORMACAO_3": null, "DATA_PODA_REDUCAO": null, "DATA_PODA_FLORACAO": null, "DATA_ADUBACAO_ORDINARIA": null, "ADUBACAO_FRUTIFICACAO": null, "IRRIGACAO_ORDINARIA": null, "IRRIGACAO_FLORACAO": null, "IRRIGACAO_FRUTIFICACAO": null, "DATA_IRRIGACAO_ORDINARIA": null, "DATA_IRRIGACAO_FLORACAO": null, "DATA_IRRIGACAO_FRUTIFICACAO": null, "INICIO_COLHEITA": null, "FIM_COLHEITA": null, "VOLUME_COLHIDO": null }, "geometry": { "type": "Point", "coordinates": [ -34.849167342135949, -7.255468000061219 ] } },
{ "type": "Feature", "properties": { "fid": 59, "ID": "Coqc021", "Latitude": -7.2555, "Longitude": -34.849222, "NOME_POPULAR": "Coqueiro", "NOME_CIENTIFICO": null, "DATA_PLANTIO": null, "TIPO_PLANTIO": null, "ALTURA_TOTAL": null, "DIAMETRO_COPA": null, "DATA_PODA_FORMACAO_1": null, "DATA_PODA_FORMACAO_2": null, "DATA_PODA_FORMACAO_3": null, "DATA_PODA_REDUCAO": null, "DATA_PODA_FLORACAO": null, "DATA_ADUBACAO_ORDINARIA": null, "ADUBACAO_FRUTIFICACAO": null, "IRRIGACAO_ORDINARIA": null, "IRRIGACAO_FLORACAO": null, "IRRIGACAO_FRUTIFICACAO": null, "DATA_IRRIGACAO_ORDINARIA": null, "DATA_IRRIGACAO_FLORACAO": null, "DATA_IRRIGACAO_FRUTIFICACAO": null, "INICIO_COLHEITA": null, "FIM_COLHEITA": null, "VOLUME_COLHIDO": null }, "geometry": { "type": "Point", "coordinates": [ -34.849296333269784, -7.255452282729734 ] } },
{ "type": "Feature", "properties": { "fid": 60, "ID": "Coqc022", "Latitude": -7.255472, "Longitude": -34.849323, "NOME_POPULAR": "Coqueiro", "NOME_CIENTIFICO": null, "DATA_PLANTIO": null, "TIPO_PLANTIO": null, "ALTURA_TOTAL": null, "DIAMETRO_COPA": null, "DATA_PODA_FORMACAO_1": null, "DATA_PODA_FORMACAO_2": null, "DATA_PODA_FORMACAO_3": null, "DATA_PODA_REDUCAO": null, "DATA_PODA_FLORACAO": null, "DATA_ADUBACAO_ORDINARIA": null, "ADUBACAO_FRUTIFICACAO": null, "IRRIGACAO_ORDINARIA": null, "IRRIGACAO_FLORACAO": null, "IRRIGACAO_FRUTIFICACAO": null, "DATA_IRRIGACAO_ORDINARIA": null, "DATA_IRRIGACAO_FLORACAO": null, "DATA_IRRIGACAO_FRUTIFICACAO": null, "INICIO_COLHEITA": null, "FIM_COLHEITA": null, "VOLUME_COLHIDO": null }, "geometry": { "type": "Point", "coordinates": [ -34.849363583538995, -7.255446473768185 ] } },
{ "type": "Feature", "properties": { "fid": 61, "ID": "Coqc023", "Latitude": -7.255476, "Longitude": -34.849386, "NOME_POPULAR": "Coqueiro", "NOME_CIENTIFICO": null, "DATA_PLANTIO": null, "TIPO_PLANTIO": null, "ALTURA_TOTAL": null, "DIAMETRO_COPA": null, "DATA_PODA_FORMACAO_1": null, "DATA_PODA_FORMACAO_2": null, "DATA_PODA_FORMACAO_3": null, "DATA_PODA_REDUCAO": null, "DATA_PODA_FLORACAO": null, "DATA_ADUBACAO_ORDINARIA": null, "ADUBACAO_FRUTIFICACAO": null, "IRRIGACAO_ORDINARIA": null, "IRRIGACAO_FLORACAO": null, "IRRIGACAO_FRUTIFICACAO": null, "DATA_IRRIGACAO_ORDINARIA": null, "DATA_IRRIGACAO_FLORACAO": null, "DATA_IRRIGACAO_FRUTIFICACAO": null, "INICIO_COLHEITA": null, "FIM_COLHEITA": null, "VOLUME_COLHIDO": null }, "geometry": { "type": "Point", "coordinates": [ -34.849424698123158, -7.255435968848228 ] } },
{ "type": "Feature", "properties": { "fid": 62, "ID": "Coqc024", "Latitude": -7.255478, "Longitude": -34.849412, "NOME_POPULAR": "Coqueiro", "NOME_CIENTIFICO": null, "DATA_PLANTIO": null, "TIPO_PLANTIO": null, "ALTURA_TOTAL": null, "DIAMETRO_COPA": null, "DATA_PODA_FORMACAO_1": null, "DATA_PODA_FORMACAO_2": null, "DATA_PODA_FORMACAO_3": null, "DATA_PODA_REDUCAO": null, "DATA_PODA_FLORACAO": null, "DATA_ADUBACAO_ORDINARIA": null, "ADUBACAO_FRUTIFICACAO": null, "IRRIGACAO_ORDINARIA": null, "IRRIGACAO_FLORACAO": null, "IRRIGACAO_FRUTIFICACAO": null, "DATA_IRRIGACAO_ORDINARIA": null, "DATA_IRRIGACAO_FLORACAO": null, "DATA_IRRIGACAO_FRUTIFICACAO": null, "INICIO_COLHEITA": null, "FIM_COLHEITA": null, "VOLUME_COLHIDO": null }, "geometry": { "type": "Point", "coordinates": [ -34.849491923549103, -7.255435695089351 ] } },
{ "type": "Feature", "properties": { "fid": 63, "ID": "Coqc025", "Latitude": -7.255472, "Longitude": -34.84946, "NOME_POPULAR": "Coqueiro", "NOME_CIENTIFICO": null, "DATA_PLANTIO": null, "TIPO_PLANTIO": null, "ALTURA_TOTAL": null, "DIAMETRO_COPA": null, "DATA_PODA_FORMACAO_1": null, "DATA_PODA_FORMACAO_2": null, "DATA_PODA_FORMACAO_3": null, "DATA_PODA_REDUCAO": null, "DATA_PODA_FLORACAO": null, "DATA_ADUBACAO_ORDINARIA": null, "ADUBACAO_FRUTIFICACAO": null, "IRRIGACAO_ORDINARIA": null, "IRRIGACAO_FLORACAO": null, "IRRIGACAO_FRUTIFICACAO": null, "DATA_IRRIGACAO_ORDINARIA": null, "DATA_IRRIGACAO_FLORACAO": null, "DATA_IRRIGACAO_FRUTIFICACAO": null, "INICIO_COLHEITA": null, "FIM_COLHEITA": null, "VOLUME_COLHIDO": null }, "geometry": { "type": "Point", "coordinates": [ -34.849546071650821, -7.255434076024643 ] } },
{ "type": "Feature", "properties": { "fid": 64, "ID": "Coqc027", "Latitude": -7.255455, "Longitude": -34.849571, "NOME_POPULAR": "Coqueiro", "NOME_CIENTIFICO": null, "DATA_PLANTIO": null, "TIPO_PLANTIO": null, "ALTURA_TOTAL": null, "DIAMETRO_COPA": null, "DATA_PODA_FORMACAO_1": null, "DATA_PODA_FORMACAO_2": null, "DATA_PODA_FORMACAO_3": null, "DATA_PODA_REDUCAO": null, "DATA_PODA_FLORACAO": null, "DATA_ADUBACAO_ORDINARIA": null, "ADUBACAO_FRUTIFICACAO": null, "IRRIGACAO_ORDINARIA": null, "IRRIGACAO_FLORACAO": null, "IRRIGACAO_FRUTIFICACAO": null, "DATA_IRRIGACAO_ORDINARIA": null, "DATA_IRRIGACAO_FLORACAO": null, "DATA_IRRIGACAO_FRUTIFICACAO": null, "INICIO_COLHEITA": null, "FIM_COLHEITA": null, "VOLUME_COLHIDO": null }, "geometry": { "type": "Point", "coordinates": [ -34.849599754811294, -7.255432925031298 ] } },
{ "type": "Feature", "properties": { "fid": 65, "ID": "Coqc028", "Latitude": -7.255462, "Longitude": -34.84963, "NOME_POPULAR": "Coqueiro", "NOME_CIENTIFICO": null, "DATA_PLANTIO": null, "TIPO_PLANTIO": null, "ALTURA_TOTAL": null, "DIAMETRO_COPA": null, "DATA_PODA_FORMACAO_1": null, "DATA_PODA_FORMACAO_2": null, "DATA_PODA_FORMACAO_3": null, "DATA_PODA_REDUCAO": null, "DATA_PODA_FLORACAO": null, "DATA_ADUBACAO_ORDINARIA": null, "ADUBACAO_FRUTIFICACAO": null, "IRRIGACAO_ORDINARIA": null, "IRRIGACAO_FLORACAO": null, "IRRIGACAO_FRUTIFICACAO": null, "DATA_IRRIGACAO_ORDINARIA": null, "DATA_IRRIGACAO_FLORACAO": null, "DATA_IRRIGACAO_FRUTIFICACAO": null, "INICIO_COLHEITA": null, "FIM_COLHEITA": null, "VOLUME_COLHIDO": null }, "geometry": { "type": "Point", "coordinates": [ -34.84965234012094, -7.255433774586498 ] } },
{ "type": "Feature", "properties": { "fid": 66, "ID": "Coqc029", "Latitude": -7.255463, "Longitude": -34.849729, "NOME_POPULAR": "Coqueiro", "NOME_CIENTIFICO": null, "DATA_PLANTIO": null, "TIPO_PLANTIO": null, "ALTURA_TOTAL": null, "DIAMETRO_COPA": null, "DATA_PODA_FORMACAO_1": null, "DATA_PODA_FORMACAO_2": null, "DATA_PODA_FORMACAO_3": null, "DATA_PODA_REDUCAO": null, "DATA_PODA_FLORACAO": null, "DATA_ADUBACAO_ORDINARIA": null, "ADUBACAO_FRUTIFICACAO": null, "IRRIGACAO_ORDINARIA": null, "IRRIGACAO_FLORACAO": null, "IRRIGACAO_FRUTIFICACAO": null, "DATA_IRRIGACAO_ORDINARIA": null, "DATA_IRRIGACAO_FLORACAO": null, "DATA_IRRIGACAO_FRUTIFICACAO": null, "INICIO_COLHEITA": null, "FIM_COLHEITA": null, "VOLUME_COLHIDO": null }, "geometry": { "type": "Point", "coordinates": [ -34.849774157268918, -7.255395625601085 ] } },
{ "type": "Feature", "properties": { "fid": 67, "ID": "Coqc03", "Latitude": -7.255014, "Longitude": -34.848993, "NOME_POPULAR": "Coqueiro", "NOME_CIENTIFICO": null, "DATA_PLANTIO": null, "TIPO_PLANTIO": null, "ALTURA_TOTAL": null, "DIAMETRO_COPA": null, "DATA_PODA_FORMACAO_1": null, "DATA_PODA_FORMACAO_2": null, "DATA_PODA_FORMACAO_3": null, "DATA_PODA_REDUCAO": null, "DATA_PODA_FLORACAO": null, "DATA_ADUBACAO_ORDINARIA": null, "ADUBACAO_FRUTIFICACAO": null, "IRRIGACAO_ORDINARIA": null, "IRRIGACAO_FLORACAO": null, "IRRIGACAO_FRUTIFICACAO": null, "DATA_IRRIGACAO_ORDINARIA": null, "DATA_IRRIGACAO_FLORACAO": null, "DATA_IRRIGACAO_FRUTIFICACAO": null, "INICIO_COLHEITA": null, "FIM_COLHEITA": null, "VOLUME_COLHIDO": null }, "geometry": { "type": "Point", "coordinates": [ -34.848995937808134, -7.254964933177427 ] } },
{ "type": "Feature", "properties": { "fid": 68, "ID": "Coqc030", "Latitude": -7.255567, "Longitude": -34.849214, "NOME_POPULAR": "Coqueiro", "NOME_CIENTIFICO": null, "DATA_PLANTIO": null, "TIPO_PLANTIO": null, "ALTURA_TOTAL": null, "DIAMETRO_COPA": null, "DATA_PODA_FORMACAO_1": null, "DATA_PODA_FORMACAO_2": null, "DATA_PODA_FORMACAO_3": null, "DATA_PODA_REDUCAO": null, "DATA_PODA_FLORACAO": null, "DATA_ADUBACAO_ORDINARIA": null, "ADUBACAO_FRUTIFICACAO": null, "IRRIGACAO_ORDINARIA": null, "IRRIGACAO_FLORACAO": null, "IRRIGACAO_FRUTIFICACAO": null, "DATA_IRRIGACAO_ORDINARIA": null, "DATA_IRRIGACAO_FLORACAO": null, "DATA_IRRIGACAO_FRUTIFICACAO": null, "INICIO_COLHEITA": null, "FIM_COLHEITA": null, "VOLUME_COLHIDO": null }, "geometry": { "type": "Point", "coordinates": [ -34.84923119807295, -7.255534800420803 ] } },
{ "type": "Feature", "properties": { "fid": 69, "ID": "Coqc031", "Latitude": -7.255571, "Longitude": -34.849269, "NOME_POPULAR": "Coqueiro", "NOME_CIENTIFICO": null, "DATA_PLANTIO": null, "TIPO_PLANTIO": null, "ALTURA_TOTAL": null, "DIAMETRO_COPA": null, "DATA_PODA_FORMACAO_1": null, "DATA_PODA_FORMACAO_2": null, "DATA_PODA_FORMACAO_3": null, "DATA_PODA_REDUCAO": null, "DATA_PODA_FLORACAO": null, "DATA_ADUBACAO_ORDINARIA": null, "ADUBACAO_FRUTIFICACAO": null, "IRRIGACAO_ORDINARIA": null, "IRRIGACAO_FLORACAO": null, "IRRIGACAO_FRUTIFICACAO": null, "DATA_IRRIGACAO_ORDINARIA": null, "DATA_IRRIGACAO_FLORACAO": null, "DATA_IRRIGACAO_FRUTIFICACAO": null, "INICIO_COLHEITA": null, "FIM_COLHEITA": null, "VOLUME_COLHIDO": null }, "geometry": { "type": "Point", "coordinates": [ -34.849287772209045, -7.255539803184051 ] } },
{ "type": "Feature", "properties": { "fid": 70, "ID": "Coqc032", "Latitude": -7.255557, "Longitude": -34.849318, "NOME_POPULAR": "Coqueiro", "NOME_CIENTIFICO": null, "DATA_PLANTIO": null, "TIPO_PLANTIO": null, "ALTURA_TOTAL": null, "DIAMETRO_COPA": null, "DATA_PODA_FORMACAO_1": null, "DATA_PODA_FORMACAO_2": null, "DATA_PODA_FORMACAO_3": null, "DATA_PODA_REDUCAO": null, "DATA_PODA_FLORACAO": null, "DATA_ADUBACAO_ORDINARIA": null, "ADUBACAO_FRUTIFICACAO": null, "IRRIGACAO_ORDINARIA": null, "IRRIGACAO_FLORACAO": null, "IRRIGACAO_FRUTIFICACAO": null, "DATA_IRRIGACAO_ORDINARIA": null, "DATA_IRRIGACAO_FLORACAO": null, "DATA_IRRIGACAO_FRUTIFICACAO": null, "INICIO_COLHEITA": null, "FIM_COLHEITA": null, "VOLUME_COLHIDO": null }, "geometry": { "type": "Point", "coordinates": [ -34.849332318832268, -7.255528620608724 ] } },
{ "type": "Feature", "properties": { "fid": 71, "ID": "Coqc033", "Latitude": -7.255541, "Longitude": -34.849376, "NOME_POPULAR": "Coqueiro", "NOME_CIENTIFICO": null, "DATA_PLANTIO": null, "TIPO_PLANTIO": null, "ALTURA_TOTAL": null, "DIAMETRO_COPA": null, "DATA_PODA_FORMACAO_1": null, "DATA_PODA_FORMACAO_2": null, "DATA_PODA_FORMACAO_3": null, "DATA_PODA_REDUCAO": null, "DATA_PODA_FLORACAO": null, "DATA_ADUBACAO_ORDINARIA": null, "ADUBACAO_FRUTIFICACAO": null, "IRRIGACAO_ORDINARIA": null, "IRRIGACAO_FLORACAO": null, "IRRIGACAO_FRUTIFICACAO": null, "DATA_IRRIGACAO_ORDINARIA": null, "DATA_IRRIGACAO_FLORACAO": null, "DATA_IRRIGACAO_FRUTIFICACAO": null, "INICIO_COLHEITA": null, "FIM_COLHEITA": null, "VOLUME_COLHIDO": null }, "geometry": { "type": "Point", "coordinates": [ -34.849376330149283, -7.255514820880336 ] } },
{ "type": "Feature", "properties": { "fid": 72, "ID": "Coqc034", "Latitude": -7.25553, "Longitude": -34.849408, "NOME_POPULAR": "Coqueiro", "NOME_CIENTIFICO": null, "DATA_PLANTIO": null, "TIPO_PLANTIO": null, "ALTURA_TOTAL": null, "DIAMETRO_COPA": null, "DATA_PODA_FORMACAO_1": null, "DATA_PODA_FORMACAO_2": null, "DATA_PODA_FORMACAO_3": null, "DATA_PODA_REDUCAO": null, "DATA_PODA_FLORACAO": null, "DATA_ADUBACAO_ORDINARIA": null, "ADUBACAO_FRUTIFICACAO": null, "IRRIGACAO_ORDINARIA": null, "IRRIGACAO_FLORACAO": null, "IRRIGACAO_FRUTIFICACAO": null, "DATA_IRRIGACAO_ORDINARIA": null, "DATA_IRRIGACAO_FLORACAO": null, "DATA_IRRIGACAO_FRUTIFICACAO": null, "INICIO_COLHEITA": null, "FIM_COLHEITA": null, "VOLUME_COLHIDO": null }, "geometry": { "type": "Point", "coordinates": [ -34.849413566506264, -7.255512049919086 ] } },
{ "type": "Feature", "properties": { "fid": 73, "ID": "Coqc035", "Latitude": -7.255535, "Longitude": -34.849456, "NOME_POPULAR": "Coqueiro", "NOME_CIENTIFICO": null, "DATA_PLANTIO": null, "TIPO_PLANTIO": null, "ALTURA_TOTAL": null, "DIAMETRO_COPA": null, "DATA_PODA_FORMACAO_1": null, "DATA_PODA_FORMACAO_2": null, "DATA_PODA_FORMACAO_3": null, "DATA_PODA_REDUCAO": null, "DATA_PODA_FLORACAO": null, "DATA_ADUBACAO_ORDINARIA": null, "ADUBACAO_FRUTIFICACAO": null, "IRRIGACAO_ORDINARIA": null, "IRRIGACAO_FLORACAO": null, "IRRIGACAO_FRUTIFICACAO": null, "DATA_IRRIGACAO_ORDINARIA": null, "DATA_IRRIGACAO_FLORACAO": null, "DATA_IRRIGACAO_FRUTIFICACAO": null, "INICIO_COLHEITA": null, "FIM_COLHEITA": null, "VOLUME_COLHIDO": null }, "geometry": { "type": "Point", "coordinates": [ -34.849468615944865, -7.25550344389116 ] } },
{ "type": "Feature", "properties": { "fid": 74, "ID": "Coqc036", "Latitude": -7.255519, "Longitude": -34.849546, "NOME_POPULAR": "Coqueiro", "NOME_CIENTIFICO": null, "DATA_PLANTIO": null, "TIPO_PLANTIO": null, "ALTURA_TOTAL": null, "DIAMETRO_COPA": null, "DATA_PODA_FORMACAO_1": null, "DATA_PODA_FORMACAO_2": null, "DATA_PODA_FORMACAO_3": null, "DATA_PODA_REDUCAO": null, "DATA_PODA_FLORACAO": null, "DATA_ADUBACAO_ORDINARIA": null, "ADUBACAO_FRUTIFICACAO": null, "IRRIGACAO_ORDINARIA": null, "IRRIGACAO_FLORACAO": null, "IRRIGACAO_FRUTIFICACAO": null, "DATA_IRRIGACAO_ORDINARIA": null, "DATA_IRRIGACAO_FLORACAO": null, "DATA_IRRIGACAO_FRUTIFICACAO": null, "INICIO_COLHEITA": null, "FIM_COLHEITA": null, "VOLUME_COLHIDO": null }, "geometry": { "type": "Point", "coordinates": [ -34.849606970887862, -7.255484381436446 ] } },
{ "type": "Feature", "properties": { "fid": 75, "ID": "Coqc037", "Latitude": -7.255495, "Longitude": -34.849591, "NOME_POPULAR": "Coqueiro", "NOME_CIENTIFICO": null, "DATA_PLANTIO": null, "TIPO_PLANTIO": null, "ALTURA_TOTAL": null, "DIAMETRO_COPA": null, "DATA_PODA_FORMACAO_1": null, "DATA_PODA_FORMACAO_2": null, "DATA_PODA_FORMACAO_3": null, "DATA_PODA_REDUCAO": null, "DATA_PODA_FLORACAO": null, "DATA_ADUBACAO_ORDINARIA": null, "ADUBACAO_FRUTIFICACAO": null, "IRRIGACAO_ORDINARIA": null, "IRRIGACAO_FLORACAO": null, "IRRIGACAO_FRUTIFICACAO": null, "DATA_IRRIGACAO_ORDINARIA": null, "DATA_IRRIGACAO_FLORACAO": null, "DATA_IRRIGACAO_FRUTIFICACAO": null, "INICIO_COLHEITA": null, "FIM_COLHEITA": null, "VOLUME_COLHIDO": null }, "geometry": { "type": "Point", "coordinates": [ -34.84970399630329, -7.255477437958318 ] } },
{ "type": "Feature", "properties": { "fid": 76, "ID": "Coqc038", "Latitude": -7.255512, "Longitude": -34.849671, "NOME_POPULAR": "Coqueiro", "NOME_CIENTIFICO": null, "DATA_PLANTIO": null, "TIPO_PLANTIO": null, "ALTURA_TOTAL": null, "DIAMETRO_COPA": null, "DATA_PODA_FORMACAO_1": null, "DATA_PODA_FORMACAO_2": null, "DATA_PODA_FORMACAO_3": null, "DATA_PODA_REDUCAO": null, "DATA_PODA_FLORACAO": null, "DATA_ADUBACAO_ORDINARIA": null, "ADUBACAO_FRUTIFICACAO": null, "IRRIGACAO_ORDINARIA": null, "IRRIGACAO_FLORACAO": null, "IRRIGACAO_FRUTIFICACAO": null, "DATA_IRRIGACAO_ORDINARIA": null, "DATA_IRRIGACAO_FLORACAO": null, "DATA_IRRIGACAO_FRUTIFICACAO": null, "INICIO_COLHEITA": null, "FIM_COLHEITA": null, "VOLUME_COLHIDO": null }, "geometry": { "type": "Point", "coordinates": [ -34.849754833581642, -7.255481159897352 ] } },
{ "type": "Feature", "properties": { "fid": 77, "ID": "Coqc039", "Latitude": -7.255499, "Longitude": -34.849731, "NOME_POPULAR": "Coqueiro", "NOME_CIENTIFICO": null, "DATA_PLANTIO": null, "TIPO_PLANTIO": null, "ALTURA_TOTAL": null, "DIAMETRO_COPA": null, "DATA_PODA_FORMACAO_1": null, "DATA_PODA_FORMACAO_2": null, "DATA_PODA_FORMACAO_3": null, "DATA_PODA_REDUCAO": null, "DATA_PODA_FLORACAO": null, "DATA_ADUBACAO_ORDINARIA": null, "ADUBACAO_FRUTIFICACAO": null, "IRRIGACAO_ORDINARIA": null, "IRRIGACAO_FLORACAO": null, "IRRIGACAO_FRUTIFICACAO": null, "DATA_IRRIGACAO_ORDINARIA": null, "DATA_IRRIGACAO_FLORACAO": null, "DATA_IRRIGACAO_FRUTIFICACAO": null, "INICIO_COLHEITA": null, "FIM_COLHEITA": null, "VOLUME_COLHIDO": null }, "geometry": { "type": "Point", "coordinates": [ -34.849762859374692, -7.255439217952798 ] } },
{ "type": "Feature", "properties": { "fid": 78, "ID": "Coqc04", "Latitude": -7.255046, "Longitude": -34.849018, "NOME_POPULAR": "Coqueiro", "NOME_CIENTIFICO": null, "DATA_PLANTIO": null, "TIPO_PLANTIO": null, "ALTURA_TOTAL": null, "DIAMETRO_COPA": null, "DATA_PODA_FORMACAO_1": null, "DATA_PODA_FORMACAO_2": null, "DATA_PODA_FORMACAO_3": null, "DATA_PODA_REDUCAO": null, "DATA_PODA_FLORACAO": null, "DATA_ADUBACAO_ORDINARIA": null, "ADUBACAO_FRUTIFICACAO": null, "IRRIGACAO_ORDINARIA": null, "IRRIGACAO_FLORACAO": null, "IRRIGACAO_FRUTIFICACAO": null, "DATA_IRRIGACAO_ORDINARIA": null, "DATA_IRRIGACAO_FLORACAO": null, "DATA_IRRIGACAO_FRUTIFICACAO": null, "INICIO_COLHEITA": null, "FIM_COLHEITA": null, "VOLUME_COLHIDO": null }, "geometry": { "type": "Point", "coordinates": [ -34.849021999821652, -7.255018195081575 ] } },
{ "type": "Feature", "properties": { "fid": 79, "ID": "Coqc05", "Latitude": -7.255157, "Longitude": -34.849065, "NOME_POPULAR": "Coqueiro", "NOME_CIENTIFICO": null, "DATA_PLANTIO": null, "TIPO_PLANTIO": null, "ALTURA_TOTAL": null, "DIAMETRO_COPA": null, "DATA_PODA_FORMACAO_1": null, "DATA_PODA_FORMACAO_2": null, "DATA_PODA_FORMACAO_3": null, "DATA_PODA_REDUCAO": null, "DATA_PODA_FLORACAO": null, "DATA_ADUBACAO_ORDINARIA": null, "ADUBACAO_FRUTIFICACAO": null, "IRRIGACAO_ORDINARIA": null, "IRRIGACAO_FLORACAO": null, "IRRIGACAO_FRUTIFICACAO": null, "DATA_IRRIGACAO_ORDINARIA": null, "DATA_IRRIGACAO_FLORACAO": null, "DATA_IRRIGACAO_FRUTIFICACAO": null, "INICIO_COLHEITA": null, "FIM_COLHEITA": null, "VOLUME_COLHIDO": null }, "geometry": { "type": "Point", "coordinates": [ -34.849057136956915, -7.255126869301624 ] } },
{ "type": "Feature", "properties": { "fid": 80, "ID": "Coqc051", "Latitude": -7.255071, "Longitude": -34.849144, "NOME_POPULAR": "Coqueiro", "NOME_CIENTIFICO": null, "DATA_PLANTIO": null, "TIPO_PLANTIO": null, "ALTURA_TOTAL": null, "DIAMETRO_COPA": null, "DATA_PODA_FORMACAO_1": null, "DATA_PODA_FORMACAO_2": null, "DATA_PODA_FORMACAO_3": null, "DATA_PODA_REDUCAO": null, "DATA_PODA_FLORACAO": null, "DATA_ADUBACAO_ORDINARIA": null, "ADUBACAO_FRUTIFICACAO": null, "IRRIGACAO_ORDINARIA": null, "IRRIGACAO_FLORACAO": null, "IRRIGACAO_FRUTIFICACAO": null, "DATA_IRRIGACAO_ORDINARIA": null, "DATA_IRRIGACAO_FLORACAO": null, "DATA_IRRIGACAO_FRUTIFICACAO": null, "INICIO_COLHEITA": null, "FIM_COLHEITA": null, "VOLUME_COLHIDO": null }, "geometry": { "type": "Point", "coordinates": [ -34.849140123828612, -7.255033137440155 ] } },
{ "type": "Feature", "properties": { "fid": 81, "ID": "Coqc052", "Latitude": -7.255018, "Longitude": -34.849229, "NOME_POPULAR": "Coqueiro", "NOME_CIENTIFICO": null, "DATA_PLANTIO": null, "TIPO_PLANTIO": null, "ALTURA_TOTAL": null, "DIAMETRO_COPA": null, "DATA_PODA_FORMACAO_1": null, "DATA_PODA_FORMACAO_2": null, "DATA_PODA_FORMACAO_3": null, "DATA_PODA_REDUCAO": null, "DATA_PODA_FLORACAO": null, "DATA_ADUBACAO_ORDINARIA": null, "ADUBACAO_FRUTIFICACAO": null, "IRRIGACAO_ORDINARIA": null, "IRRIGACAO_FLORACAO": null, "IRRIGACAO_FRUTIFICACAO": null, "DATA_IRRIGACAO_ORDINARIA": null, "DATA_IRRIGACAO_FLORACAO": null, "DATA_IRRIGACAO_FRUTIFICACAO": null, "INICIO_COLHEITA": null, "FIM_COLHEITA": null, "VOLUME_COLHIDO": null }, "geometry": { "type": "Point", "coordinates": [ -34.849222825203604, -7.254998448914235 ] } },
{ "type": "Feature", "properties": { "fid": 82, "ID": "Coqc06", "Latitude": -7.255206, "Longitude": -34.849085, "NOME_POPULAR": "Coqueiro", "NOME_CIENTIFICO": null, "DATA_PLANTIO": null, "TIPO_PLANTIO": null, "ALTURA_TOTAL": null, "DIAMETRO_COPA": null, "DATA_PODA_FORMACAO_1": null, "DATA_PODA_FORMACAO_2": null, "DATA_PODA_FORMACAO_3": null, "DATA_PODA_REDUCAO": null, "DATA_PODA_FLORACAO": null, "DATA_ADUBACAO_ORDINARIA": null, "ADUBACAO_FRUTIFICACAO": null, "IRRIGACAO_ORDINARIA": null, "IRRIGACAO_FLORACAO": null, "IRRIGACAO_FRUTIFICACAO": null, "DATA_IRRIGACAO_ORDINARIA": null, "DATA_IRRIGACAO_FLORACAO": null, "DATA_IRRIGACAO_FRUTIFICACAO": null, "INICIO_COLHEITA": null, "FIM_COLHEITA": null, "VOLUME_COLHIDO": null }, "geometry": { "type": "Point", "coordinates": [ -34.849101959238233, -7.255223629921932 ] } },
{ "type": "Feature", "properties": { "fid": 83, "ID": "Coqc061", "Latitude": -7.255085, "Longitude": -34.849237, "NOME_POPULAR": "Coqueiro", "NOME_CIENTIFICO": null, "DATA_PLANTIO": null, "TIPO_PLANTIO": null, "ALTURA_TOTAL": null, "DIAMETRO_COPA": null, "DATA_PODA_FORMACAO_1": null, "DATA_PODA_FORMACAO_2": null, "DATA_PODA_FORMACAO_3": null, "DATA_PODA_REDUCAO": null, "DATA_PODA_FLORACAO": null, "DATA_ADUBACAO_ORDINARIA": null, "ADUBACAO_FRUTIFICACAO": null, "IRRIGACAO_ORDINARIA": null, "IRRIGACAO_FLORACAO": null, "IRRIGACAO_FRUTIFICACAO": null, "DATA_IRRIGACAO_ORDINARIA": null, "DATA_IRRIGACAO_FLORACAO": null, "DATA_IRRIGACAO_FRUTIFICACAO": null, "INICIO_COLHEITA": null, "FIM_COLHEITA": null, "VOLUME_COLHIDO": null }, "geometry": { "type": "Point", "coordinates": [ -34.849230377283114, -7.255065702148404 ] } },
{ "type": "Feature", "properties": { "fid": 84, "ID": "Coqc07", "Latitude": -7.255266, "Longitude": -34.849116, "NOME_POPULAR": "Coqueiro", "NOME_CIENTIFICO": null, "DATA_PLANTIO": null, "TIPO_PLANTIO": null, "ALTURA_TOTAL": null, "DIAMETRO_COPA": null, "DATA_PODA_FORMACAO_1": null, "DATA_PODA_FORMACAO_2": null, "DATA_PODA_FORMACAO_3": null, "DATA_PODA_REDUCAO": null, "DATA_PODA_FLORACAO": null, "DATA_ADUBACAO_ORDINARIA": null, "ADUBACAO_FRUTIFICACAO": null, "IRRIGACAO_ORDINARIA": null, "IRRIGACAO_FLORACAO": null, "IRRIGACAO_FRUTIFICACAO": null, "DATA_IRRIGACAO_ORDINARIA": null, "DATA_IRRIGACAO_FLORACAO": null, "DATA_IRRIGACAO_FRUTIFICACAO": null, "INICIO_COLHEITA": null, "FIM_COLHEITA": null, "VOLUME_COLHIDO": null }, "geometry": { "type": "Point", "coordinates": [ -34.849116, -7.255266 ] } },
{ "type": "Feature", "properties": { "fid": 85, "ID": "Coqc071", "Latitude": -7.255141, "Longitude": -34.849241, "NOME_POPULAR": "Coqueiro", "NOME_CIENTIFICO": null, "DATA_PLANTIO": null, "TIPO_PLANTIO": null, "ALTURA_TOTAL": null, "DIAMETRO_COPA": null, "DATA_PODA_FORMACAO_1": null, "DATA_PODA_FORMACAO_2": null, "DATA_PODA_FORMACAO_3": null, "DATA_PODA_REDUCAO": null, "DATA_PODA_FLORACAO": null, "DATA_ADUBACAO_ORDINARIA": null, "ADUBACAO_FRUTIFICACAO": null, "IRRIGACAO_ORDINARIA": null, "IRRIGACAO_FLORACAO": null, "IRRIGACAO_FRUTIFICACAO": null, "DATA_IRRIGACAO_ORDINARIA": null, "DATA_IRRIGACAO_FLORACAO": null, "DATA_IRRIGACAO_FRUTIFICACAO": null, "INICIO_COLHEITA": null, "FIM_COLHEITA": null, "VOLUME_COLHIDO": null }, "geometry": { "type": "Point", "coordinates": [ -34.849241, -7.255141 ] } },
{ "type": "Feature", "properties": { "fid": 86, "ID": "Coqc072", "Latitude": -7.255157, "Longitude": -34.849291, "NOME_POPULAR": "Coqueiro", "NOME_CIENTIFICO": null, "DATA_PLANTIO": null, "TIPO_PLANTIO": null, "ALTURA_TOTAL": null, "DIAMETRO_COPA": null, "DATA_PODA_FORMACAO_1": null, "DATA_PODA_FORMACAO_2": null, "DATA_PODA_FORMACAO_3": null, "DATA_PODA_REDUCAO": null, "DATA_PODA_FLORACAO": null, "DATA_ADUBACAO_ORDINARIA": null, "ADUBACAO_FRUTIFICACAO": null, "IRRIGACAO_ORDINARIA": null, "IRRIGACAO_FLORACAO": null, "IRRIGACAO_FRUTIFICACAO": null, "DATA_IRRIGACAO_ORDINARIA": null, "DATA_IRRIGACAO_FLORACAO": null, "DATA_IRRIGACAO_FRUTIFICACAO": null, "INICIO_COLHEITA": null, "FIM_COLHEITA": null, "VOLUME_COLHIDO": null }, "geometry": { "type": "Point", "coordinates": [ -34.849374331945057, -7.255128890020317 ] } },
{ "type": "Feature", "properties": { "fid": 87, "ID": "Coqc08", "Latitude": -7.255305, "Longitude": -34.84912, "NOME_POPULAR": "Coqueiro", "NOME_CIENTIFICO": null, "DATA_PLANTIO": null, "TIPO_PLANTIO": null, "ALTURA_TOTAL": null, "DIAMETRO_COPA": null, "DATA_PODA_FORMACAO_1": null, "DATA_PODA_FORMACAO_2": null, "DATA_PODA_FORMACAO_3": null, "DATA_PODA_REDUCAO": null, "DATA_PODA_FLORACAO": null, "DATA_ADUBACAO_ORDINARIA": null, "ADUBACAO_FRUTIFICACAO": null, "IRRIGACAO_ORDINARIA": null, "IRRIGACAO_FLORACAO": null, "IRRIGACAO_FRUTIFICACAO": null, "DATA_IRRIGACAO_ORDINARIA": null, "DATA_IRRIGACAO_FLORACAO": null, "DATA_IRRIGACAO_FRUTIFICACAO": null, "INICIO_COLHEITA": null, "FIM_COLHEITA": null, "VOLUME_COLHIDO": null }, "geometry": { "type": "Point", "coordinates": [ -34.849081915711906, -7.255178209714063 ] } },
{ "type": "Feature", "properties": { "fid": 88, "ID": "Coqc081", "Latitude": -7.255276, "Longitude": -34.849184, "NOME_POPULAR": "Coqueiro", "NOME_CIENTIFICO": null, "DATA_PLANTIO": null, "TIPO_PLANTIO": null, "ALTURA_TOTAL": null, "DIAMETRO_COPA": null, "DATA_PODA_FORMACAO_1": null, "DATA_PODA_FORMACAO_2": null, "DATA_PODA_FORMACAO_3": null, "DATA_PODA_REDUCAO": null, "DATA_PODA_FLORACAO": null, "DATA_ADUBACAO_ORDINARIA": null, "ADUBACAO_FRUTIFICACAO": null, "IRRIGACAO_ORDINARIA": null, "IRRIGACAO_FLORACAO": null, "IRRIGACAO_FRUTIFICACAO": null, "DATA_IRRIGACAO_ORDINARIA": null, "DATA_IRRIGACAO_FLORACAO": null, "DATA_IRRIGACAO_FRUTIFICACAO": null, "INICIO_COLHEITA": null, "FIM_COLHEITA": null, "VOLUME_COLHIDO": null }, "geometry": { "type": "Point", "coordinates": [ -34.849186573004417, -7.255232815421243 ] } },
{ "type": "Feature", "properties": { "fid": 89, "ID": "Coqc083", "Latitude": -7.255295, "Longitude": -34.849389, "NOME_POPULAR": "Coqueiro", "NOME_CIENTIFICO": null, "DATA_PLANTIO": null, "TIPO_PLANTIO": null, "ALTURA_TOTAL": null, "DIAMETRO_COPA": null, "DATA_PODA_FORMACAO_1": null, "DATA_PODA_FORMACAO_2": null, "DATA_PODA_FORMACAO_3": null, "DATA_PODA_REDUCAO": null, "DATA_PODA_FLORACAO": null, "DATA_ADUBACAO_ORDINARIA": null, "ADUBACAO_FRUTIFICACAO": null, "IRRIGACAO_ORDINARIA": null, "IRRIGACAO_FLORACAO": null, "IRRIGACAO_FRUTIFICACAO": null, "DATA_IRRIGACAO_ORDINARIA": null, "DATA_IRRIGACAO_FLORACAO": null, "DATA_IRRIGACAO_FRUTIFICACAO": null, "INICIO_COLHEITA": null, "FIM_COLHEITA": null, "VOLUME_COLHIDO": null }, "geometry": { "type": "Point", "coordinates": [ -34.849405606523433, -7.255302148265947 ] } },
{ "type": "Feature", "properties": { "fid": 90, "ID": "Coqc09", "Latitude": -7.255347, "Longitude": -34.849168, "NOME_POPULAR": "Coqueiro", "NOME_CIENTIFICO": null, "DATA_PLANTIO": null, "TIPO_PLANTIO": null, "ALTURA_TOTAL": null, "DIAMETRO_COPA": null, "DATA_PODA_FORMACAO_1": null, "DATA_PODA_FORMACAO_2": null, "DATA_PODA_FORMACAO_3": null, "DATA_PODA_REDUCAO": null, "DATA_PODA_FLORACAO": null, "DATA_ADUBACAO_ORDINARIA": null, "ADUBACAO_FRUTIFICACAO": null, "IRRIGACAO_ORDINARIA": null, "IRRIGACAO_FLORACAO": null, "IRRIGACAO_FRUTIFICACAO": null, "DATA_IRRIGACAO_ORDINARIA": null, "DATA_IRRIGACAO_FLORACAO": null, "DATA_IRRIGACAO_FRUTIFICACAO": null, "INICIO_COLHEITA": null, "FIM_COLHEITA": null, "VOLUME_COLHIDO": null }, "geometry": { "type": "Point", "coordinates": [ -34.849143486666435, -7.255319418085629 ] } },
{ "type": "Feature", "properties": { "fid": 91, "ID": "Coqc091", "Latitude": -7.255327, "Longitude": -34.849219, "NOME_POPULAR": "Coqueiro", "NOME_CIENTIFICO": null, "DATA_PLANTIO": null, "TIPO_PLANTIO": null, "ALTURA_TOTAL": null, "DIAMETRO_COPA": null, "DATA_PODA_FORMACAO_1": null, "DATA_PODA_FORMACAO_2": null, "DATA_PODA_FORMACAO_3": null, "DATA_PODA_REDUCAO": null, "DATA_PODA_FLORACAO": null, "DATA_ADUBACAO_ORDINARIA": null, "ADUBACAO_FRUTIFICACAO": null, "IRRIGACAO_ORDINARIA": null, "IRRIGACAO_FLORACAO": null, "IRRIGACAO_FRUTIFICACAO": null, "DATA_IRRIGACAO_ORDINARIA": null, "DATA_IRRIGACAO_FLORACAO": null, "DATA_IRRIGACAO_FRUTIFICACAO": null, "INICIO_COLHEITA": null, "FIM_COLHEITA": null, "VOLUME_COLHIDO": null }, "geometry": { "type": "Point", "coordinates": [ -34.849200378133929, -7.255309327828726 ] } },
{ "type": "Feature", "properties": { "fid": 92, "ID": "Coqc092", "Latitude": -7.255256, "Longitude": -34.849256, "NOME_POPULAR": "Coqueiro", "NOME_CIENTIFICO": null, "DATA_PLANTIO": null, "TIPO_PLANTIO": null, "ALTURA_TOTAL": null, "DIAMETRO_COPA": null, "DATA_PODA_FORMACAO_1": null, "DATA_PODA_FORMACAO_2": null, "DATA_PODA_FORMACAO_3": null, "DATA_PODA_REDUCAO": null, "DATA_PODA_FLORACAO": null, "DATA_ADUBACAO_ORDINARIA": null, "ADUBACAO_FRUTIFICACAO": null, "IRRIGACAO_ORDINARIA": null, "IRRIGACAO_FLORACAO": null, "IRRIGACAO_FRUTIFICACAO": null, "DATA_IRRIGACAO_ORDINARIA": null, "DATA_IRRIGACAO_FLORACAO": null, "DATA_IRRIGACAO_FRUTIFICACAO": null, "INICIO_COLHEITA": null, "FIM_COLHEITA": null, "VOLUME_COLHIDO": null }, "geometry": { "type": "Point", "coordinates": [ -34.849258224532953, -7.255239380901568 ] } },
{ "type": "Feature", "properties": { "fid": 93, "ID": "Coqc093", "Latitude": -7.255327, "Longitude": -34.849275, "NOME_POPULAR": "Coqueiro", "NOME_CIENTIFICO": null, "DATA_PLANTIO": null, "TIPO_PLANTIO": null, "ALTURA_TOTAL": null, "DIAMETRO_COPA": null, "DATA_PODA_FORMACAO_1": null, "DATA_PODA_FORMACAO_2": null, "DATA_PODA_FORMACAO_3": null, "DATA_PODA_REDUCAO": null, "DATA_PODA_FLORACAO": null, "DATA_ADUBACAO_ORDINARIA": null, "ADUBACAO_FRUTIFICACAO": null, "IRRIGACAO_ORDINARIA": null, "IRRIGACAO_FLORACAO": null, "IRRIGACAO_FRUTIFICACAO": null, "DATA_IRRIGACAO_ORDINARIA": null, "DATA_IRRIGACAO_FLORACAO": null, "DATA_IRRIGACAO_FRUTIFICACAO": null, "INICIO_COLHEITA": null, "FIM_COLHEITA": null, "VOLUME_COLHIDO": null }, "geometry": null },
{ "type": "Feature", "properties": { "fid": 94, "ID": "Coqc0932", "Latitude": -7.255353, "Longitude": -34.849408, "NOME_POPULAR": "Coqueiro", "NOME_CIENTIFICO": null, "DATA_PLANTIO": null, "TIPO_PLANTIO": null, "ALTURA_TOTAL": null, "DIAMETRO_COPA": null, "DATA_PODA_FORMACAO_1": null, "DATA_PODA_FORMACAO_2": null, "DATA_PODA_FORMACAO_3": null, "DATA_PODA_REDUCAO": null, "DATA_PODA_FLORACAO": null, "DATA_ADUBACAO_ORDINARIA": null, "ADUBACAO_FRUTIFICACAO": null, "IRRIGACAO_ORDINARIA": null, "IRRIGACAO_FLORACAO": null, "IRRIGACAO_FRUTIFICACAO": null, "DATA_IRRIGACAO_ORDINARIA": null, "DATA_IRRIGACAO_FLORACAO": null, "DATA_IRRIGACAO_FRUTIFICACAO": null, "INICIO_COLHEITA": null, "FIM_COLHEITA": null, "VOLUME_COLHIDO": null }, "geometry": { "type": "Point", "coordinates": [ -34.849281312720208, -7.255371144686624 ] } },
{ "type": "Feature", "properties": { "fid": 95, "ID": "Coqc0933", "Latitude": -7.255349, "Longitude": -34.849513, "NOME_POPULAR": "Coqueiro", "NOME_CIENTIFICO": null, "DATA_PLANTIO": null, "TIPO_PLANTIO": null, "ALTURA_TOTAL": null, "DIAMETRO_COPA": null, "DATA_PODA_FORMACAO_1": null, "DATA_PODA_FORMACAO_2": null, "DATA_PODA_FORMACAO_3": null, "DATA_PODA_REDUCAO": null, "DATA_PODA_FLORACAO": null, "DATA_ADUBACAO_ORDINARIA": null, "ADUBACAO_FRUTIFICACAO": null, "IRRIGACAO_ORDINARIA": null, "IRRIGACAO_FLORACAO": null, "IRRIGACAO_FRUTIFICACAO": null, "DATA_IRRIGACAO_ORDINARIA": null, "DATA_IRRIGACAO_FLORACAO": null, "DATA_IRRIGACAO_FRUTIFICACAO": null, "INICIO_COLHEITA": null, "FIM_COLHEITA": null, "VOLUME_COLHIDO": null }, "geometry": { "type": "Point", "coordinates": [ -34.849466432219145, -7.255303788622173 ] } },
{ "type": "Feature", "properties": { "fid": 96, "ID": "Coqc094", "Latitude": -7.255257, "Longitude": -34.849394, "NOME_POPULAR": "Coqueiro", "NOME_CIENTIFICO": null, "DATA_PLANTIO": null, "TIPO_PLANTIO": null, "ALTURA_TOTAL": null, "DIAMETRO_COPA": null, "DATA_PODA_FORMACAO_1": null, "DATA_PODA_FORMACAO_2": null, "DATA_PODA_FORMACAO_3": null, "DATA_PODA_REDUCAO": null, "DATA_PODA_FLORACAO": null, "DATA_ADUBACAO_ORDINARIA": null, "ADUBACAO_FRUTIFICACAO": null, "IRRIGACAO_ORDINARIA": null, "IRRIGACAO_FLORACAO": null, "IRRIGACAO_FRUTIFICACAO": null, "DATA_IRRIGACAO_ORDINARIA": null, "DATA_IRRIGACAO_FLORACAO": null, "DATA_IRRIGACAO_FRUTIFICACAO": null, "INICIO_COLHEITA": null, "FIM_COLHEITA": null, "VOLUME_COLHIDO": null }, "geometry": { "type": "Point", "coordinates": [ -34.849384465439627, -7.255250565763172 ] } },
{ "type": "Feature", "properties": { "fid": 97, "ID": "Coqc095", "Latitude": -7.255336, "Longitude": -34.849559, "NOME_POPULAR": "Coqueiro", "NOME_CIENTIFICO": null, "DATA_PLANTIO": null, "TIPO_PLANTIO": null, "ALTURA_TOTAL": null, "DIAMETRO_COPA": null, "DATA_PODA_FORMACAO_1": null, "DATA_PODA_FORMACAO_2": null, "DATA_PODA_FORMACAO_3": null, "DATA_PODA_REDUCAO": null, "DATA_PODA_FLORACAO": null, "DATA_ADUBACAO_ORDINARIA": null, "ADUBACAO_FRUTIFICACAO": null, "IRRIGACAO_ORDINARIA": null, "IRRIGACAO_FLORACAO": null, "IRRIGACAO_FRUTIFICACAO": null, "DATA_IRRIGACAO_ORDINARIA": null, "DATA_IRRIGACAO_FLORACAO": null, "DATA_IRRIGACAO_FRUTIFICACAO": null, "INICIO_COLHEITA": null, "FIM_COLHEITA": null, "VOLUME_COLHIDO": null }, "geometry": { "type": "Point", "coordinates": [ -34.849596148700527, -7.255314273975254 ] } },
{ "type": "Feature", "properties": { "fid": 98, "ID": "Coqc096", "Latitude": -7.255342, "Longitude": -34.849632, "NOME_POPULAR": "Coqueiro", "NOME_CIENTIFICO": null, "DATA_PLANTIO": null, "TIPO_PLANTIO": null, "ALTURA_TOTAL": null, "DIAMETRO_COPA": null, "DATA_PODA_FORMACAO_1": null, "DATA_PODA_FORMACAO_2": null, "DATA_PODA_FORMACAO_3": null, "DATA_PODA_REDUCAO": null, "DATA_PODA_FLORACAO": null, "DATA_ADUBACAO_ORDINARIA": null, "ADUBACAO_FRUTIFICACAO": null, "IRRIGACAO_ORDINARIA": null, "IRRIGACAO_FLORACAO": null, "IRRIGACAO_FRUTIFICACAO": null, "DATA_IRRIGACAO_ORDINARIA": null, "DATA_IRRIGACAO_FLORACAO": null, "DATA_IRRIGACAO_FRUTIFICACAO": null, "INICIO_COLHEITA": null, "FIM_COLHEITA": null, "VOLUME_COLHIDO": null }, "geometry": { "type": "Point", "coordinates": [ -34.849654627706656, -7.255320014629104 ] } },
{ "type": "Feature", "properties": { "fid": 99, "ID": "Coqc097", "Latitude": -7.25535, "Longitude": -34.849699, "NOME_POPULAR": "Coqueiro", "NOME_CIENTIFICO": null, "DATA_PLANTIO": null, "TIPO_PLANTIO": null, "ALTURA_TOTAL": null, "DIAMETRO_COPA": null, "DATA_PODA_FORMACAO_1": null, "DATA_PODA_FORMACAO_2": null, "DATA_PODA_FORMACAO_3": null, "DATA_PODA_REDUCAO": null, "DATA_PODA_FLORACAO": null, "DATA_ADUBACAO_ORDINARIA": null, "ADUBACAO_FRUTIFICACAO": null, "IRRIGACAO_ORDINARIA": null, "IRRIGACAO_FLORACAO": null, "IRRIGACAO_FRUTIFICACAO": null, "DATA_IRRIGACAO_ORDINARIA": null, "DATA_IRRIGACAO_FLORACAO": null, "DATA_IRRIGACAO_FRUTIFICACAO": null, "INICIO_COLHEITA": null, "FIM_COLHEITA": null, "VOLUME_COLHIDO": null }, "geometry": { "type": "Point", "coordinates": [ -34.849711853304925, -7.255327491088775 ] } },
{ "type": "Feature", "properties": { "fid": 100, "ID": "Coqc098", "Latitude": -7.255355, "Longitude": -34.84978, "NOME_POPULAR": "Coqueiro", "NOME_CIENTIFICO": null, "DATA_PLANTIO": null, "TIPO_PLANTIO": null, "ALTURA_TOTAL": null, "DIAMETRO_COPA": null, "DATA_PODA_FORMACAO_1": null, "DATA_PODA_FORMACAO_2": null, "DATA_PODA_FORMACAO_3": null, "DATA_PODA_REDUCAO": null, "DATA_PODA_FLORACAO": null, "DATA_ADUBACAO_ORDINARIA": null, "ADUBACAO_FRUTIFICACAO": null, "IRRIGACAO_ORDINARIA": null, "IRRIGACAO_FLORACAO": null, "IRRIGACAO_FRUTIFICACAO": null, "DATA_IRRIGACAO_ORDINARIA": null, "DATA_IRRIGACAO_FLORACAO": null, "DATA_IRRIGACAO_FRUTIFICACAO": null, "INICIO_COLHEITA": null, "FIM_COLHEITA": null, "VOLUME_COLHIDO": null }, "geometry": { "type": "Point", "coordinates": [ -34.849784572275915, -7.255336566436642 ] } },
{ "type": "Feature", "properties": { "fid": 101, "ID": "Coqc099", "Latitude": -7.255306, "Longitude": -34.849788, "NOME_POPULAR": "Coqueiro", "NOME_CIENTIFICO": null, "DATA_PLANTIO": null, "TIPO_PLANTIO": null, "ALTURA_TOTAL": null, "DIAMETRO_COPA": null, "DATA_PODA_FORMACAO_1": null, "DATA_PODA_FORMACAO_2": null, "DATA_PODA_FORMACAO_3": null, "DATA_PODA_REDUCAO": null, "DATA_PODA_FLORACAO": null, "DATA_ADUBACAO_ORDINARIA": null, "ADUBACAO_FRUTIFICACAO": null, "IRRIGACAO_ORDINARIA": null, "IRRIGACAO_FLORACAO": null, "IRRIGACAO_FRUTIFICACAO": null, "DATA_IRRIGACAO_ORDINARIA": null, "DATA_IRRIGACAO_FLORACAO": null, "DATA_IRRIGACAO_FRUTIFICACAO": null, "INICIO_COLHEITA": null, "FIM_COLHEITA": null, "VOLUME_COLHIDO": null }, "geometry": { "type": "Point", "coordinates": [ -34.849800080435685, -7.255280187711036 ] } },
{ "type": "Feature", "properties": { "fid": 102, "ID": null, "Latitude": null, "Longitude": null, "NOME_POPULAR": "Coqueiro", "NOME_CIENTIFICO": null, "DATA_PLANTIO": null, "TIPO_PLANTIO": null, "ALTURA_TOTAL": null, "DIAMETRO_COPA": null, "DATA_PODA_FORMACAO_1": null, "DATA_PODA_FORMACAO_2": null, "DATA_PODA_FORMACAO_3": null, "DATA_PODA_REDUCAO": null, "DATA_PODA_FLORACAO": null, "DATA_ADUBACAO_ORDINARIA": null, "ADUBACAO_FRUTIFICACAO": null, "IRRIGACAO_ORDINARIA": "2025-01-16", "IRRIGACAO_FLORACAO": null, "IRRIGACAO_FRUTIFICACAO": null, "DATA_IRRIGACAO_ORDINARIA": null, "DATA_IRRIGACAO_FLORACAO": null, "DATA_IRRIGACAO_FRUTIFICACAO": null, "INICIO_COLHEITA": null, "FIM_COLHEITA": null, "VOLUME_COLHIDO": null }, "geometry": { "type": "Point", "coordinates": [ -34.849214569546405, -7.25547095096143 ] } },
{ "type": "Feature", "properties": { "fid": 103, "ID": null, "Latitude": null, "Longitude": null, "NOME_POPULAR": "Coqueiro", "NOME_CIENTIFICO": null, "DATA_PLANTIO": null, "TIPO_PLANTIO": null, "ALTURA_TOTAL": null, "DIAMETRO_COPA": null, "DATA_PODA_FORMACAO_1": null, "DATA_PODA_FORMACAO_2": null, "DATA_PODA_FORMACAO_3": null, "DATA_PODA_REDUCAO": null, "DATA_PODA_FLORACAO": null, "DATA_ADUBACAO_ORDINARIA": null, "ADUBACAO_FRUTIFICACAO": null, "IRRIGACAO_ORDINARIA": null, "IRRIGACAO_FLORACAO": null, "IRRIGACAO_FRUTIFICACAO": null, "DATA_IRRIGACAO_ORDINARIA": null, "DATA_IRRIGACAO_FLORACAO": null, "DATA_IRRIGACAO_FRUTIFICACAO": null, "INICIO_COLHEITA": null, "FIM_COLHEITA": null, "VOLUME_COLHIDO": null }, "geometry": { "type": "Point", "coordinates": [ -34.849317245821069, -7.255136656996211 ] } },
{ "type": "Feature", "properties": { "fid": 104, "ID": null, "Latitude": null, "Longitude": null, "NOME_POPULAR": "Coqueiro", "NOME_CIENTIFICO": null, "DATA_PLANTIO": null, "TIPO_PLANTIO": null, "ALTURA_TOTAL": null, "DIAMETRO_COPA": null, "DATA_PODA_FORMACAO_1": null, "DATA_PODA_FORMACAO_2": null, "DATA_PODA_FORMACAO_3": null, "DATA_PODA_REDUCAO": null, "DATA_PODA_FLORACAO": null, "DATA_ADUBACAO_ORDINARIA": null, "ADUBACAO_FRUTIFICACAO": null, "IRRIGACAO_ORDINARIA": null, "IRRIGACAO_FLORACAO": null, "IRRIGACAO_FRUTIFICACAO": null, "DATA_IRRIGACAO_ORDINARIA": null, "DATA_IRRIGACAO_FLORACAO": null, "DATA_IRRIGACAO_FRUTIFICACAO": null, "INICIO_COLHEITA": null, "FIM_COLHEITA": null, "VOLUME_COLHIDO": null }, "geometry": { "type": "Point", "coordinates": [ -34.849367225633905, -7.255034936200263 ] } },
{ "type": "Feature", "properties": { "fid": 105, "ID": "70", "Latitude": null, "Longitude": null, "NOME_POPULAR": "Coqueiro", "NOME_CIENTIFICO": null, "DATA_PLANTIO": null, "TIPO_PLANTIO": null, "ALTURA_TOTAL": null, "DIAMETRO_COPA": null, "DATA_PODA_FORMACAO_1": null, "DATA_PODA_FORMACAO_2": null, "DATA_PODA_FORMACAO_3": null, "DATA_PODA_REDUCAO": null, "DATA_PODA_FLORACAO": null, "DATA_ADUBACAO_ORDINARIA": null, "ADUBACAO_FRUTIFICACAO": null, "IRRIGACAO_ORDINARIA": null, "IRRIGACAO_FLORACAO": null, "IRRIGACAO_FRUTIFICACAO": null, "DATA_IRRIGACAO_ORDINARIA": null, "DATA_IRRIGACAO_FLORACAO": null, "DATA_IRRIGACAO_FRUTIFICACAO": null, "INICIO_COLHEITA": null, "FIM_COLHEITA": null, "VOLUME_COLHIDO": null }, "geometry": { "type": "Point", "coordinates": [ -34.849538770216235, -7.254669102160097 ] } },
{ "type": "Feature", "properties": { "fid": 106, "ID": "71", "Latitude": null, "Longitude": null, "NOME_POPULAR": "Coqueiro", "NOME_CIENTIFICO": null, "DATA_PLANTIO": null, "TIPO_PLANTIO": null, "ALTURA_TOTAL": null, "DIAMETRO_COPA": null, "DATA_PODA_FORMACAO_1": null, "DATA_PODA_FORMACAO_2": null, "DATA_PODA_FORMACAO_3": null, "DATA_PODA_REDUCAO": null, "DATA_PODA_FLORACAO": null, "DATA_ADUBACAO_ORDINARIA": null, "ADUBACAO_FRUTIFICACAO": null, "IRRIGACAO_ORDINARIA": null, "IRRIGACAO_FLORACAO": null, "IRRIGACAO_FRUTIFICACAO": null, "DATA_IRRIGACAO_ORDINARIA": null, "DATA_IRRIGACAO_FLORACAO": null, "DATA_IRRIGACAO_FRUTIFICACAO": null, "INICIO_COLHEITA": null, "FIM_COLHEITA": null, "VOLUME_COLHIDO": null }, "geometry": { "type": "Point", "coordinates": [ -34.849499853475855, -7.254624319755628 ] } },
{ "type": "Feature", "properties": { "fid": 107, "ID": "72", "Latitude": null, "Longitude": null, "NOME_POPULAR": "Coqueiro", "NOME_CIENTIFICO": null, "DATA_PLANTIO": null, "TIPO_PLANTIO": null, "ALTURA_TOTAL": null, "DIAMETRO_COPA": null, "DATA_PODA_FORMACAO_1": null, "DATA_PODA_FORMACAO_2": null, "DATA_PODA_FORMACAO_3": null, "DATA_PODA_REDUCAO": null, "DATA_PODA_FLORACAO": null, "DATA_ADUBACAO_ORDINARIA": null, "ADUBACAO_FRUTIFICACAO": null, "IRRIGACAO_ORDINARIA": null, "IRRIGACAO_FLORACAO": null, "IRRIGACAO_FRUTIFICACAO": null, "DATA_IRRIGACAO_ORDINARIA": null, "DATA_IRRIGACAO_FLORACAO": null, "DATA_IRRIGACAO_FRUTIFICACAO": null, "INICIO_COLHEITA": null, "FIM_COLHEITA": null, "VOLUME_COLHIDO": null }, "geometry": { "type": "Point", "coordinates": [ -34.849598995544504, -7.254602182349157 ] } },
{ "type": "Feature", "properties": { "fid": 108, "ID": "73", "Latitude": null, "Longitude": null, "NOME_POPULAR": "Coqueiro", "NOME_CIENTIFICO": null, "DATA_PLANTIO": null, "TIPO_PLANTIO": null, "ALTURA_TOTAL": null, "DIAMETRO_COPA": null, "DATA_PODA_FORMACAO_1": null, "DATA_PODA_FORMACAO_2": null, "DATA_PODA_FORMACAO_3": null, "DATA_PODA_REDUCAO": null, "DATA_PODA_FLORACAO": null, "DATA_ADUBACAO_ORDINARIA": null, "ADUBACAO_FRUTIFICACAO": null, "IRRIGACAO_ORDINARIA": null, "IRRIGACAO_FLORACAO": null, "IRRIGACAO_FRUTIFICACAO": null, "DATA_IRRIGACAO_ORDINARIA": null, "DATA_IRRIGACAO_FLORACAO": null, "DATA_IRRIGACAO_FRUTIFICACAO": null, "INICIO_COLHEITA": null, "FIM_COLHEITA": null, "VOLUME_COLHIDO": null }, "geometry": { "type": "Point", "coordinates": [ -34.849643689635094, -7.254616366691212 ] } },
{ "type": "Feature", "properties": { "fid": 109, "ID": "74", "Latitude": null, "Longitude": null, "NOME_POPULAR": "Coqueiro", "NOME_CIENTIFICO": null, "DATA_PLANTIO": null, "TIPO_PLANTIO": null, "ALTURA_TOTAL": null, "DIAMETRO_COPA": null, "DATA_PODA_FORMACAO_1": null, "DATA_PODA_FORMACAO_2": null, "DATA_PODA_FORMACAO_3": null, "DATA_PODA_REDUCAO": null, "DATA_PODA_FLORACAO": null, "DATA_ADUBACAO_ORDINARIA": null, "ADUBACAO_FRUTIFICACAO": null, "IRRIGACAO_ORDINARIA": null, "IRRIGACAO_FLORACAO": null, "IRRIGACAO_FRUTIFICACAO": null, "DATA_IRRIGACAO_ORDINARIA": null, "DATA_IRRIGACAO_FLORACAO": null, "DATA_IRRIGACAO_FRUTIFICACAO": null, "INICIO_COLHEITA": null, "FIM_COLHEITA": null, "VOLUME_COLHIDO": null }, "geometry": { "type": "Point", "coordinates": [ -34.849699886946269, -7.254647080732606 ] } },
{ "type": "Feature", "properties": { "fid": 110, "ID": "75L", "Latitude": null, "Longitude": null, "NOME_POPULAR": "Coqueiro", "NOME_CIENTIFICO": null, "DATA_PLANTIO": null, "TIPO_PLANTIO": null, "ALTURA_TOTAL": null, "DIAMETRO_COPA": null, "DATA_PODA_FORMACAO_1": null, "DATA_PODA_FORMACAO_2": null, "DATA_PODA_FORMACAO_3": null, "DATA_PODA_REDUCAO": null, "DATA_PODA_FLORACAO": null, "DATA_ADUBACAO_ORDINARIA": null, "ADUBACAO_FRUTIFICACAO": null, "IRRIGACAO_ORDINARIA": null, "IRRIGACAO_FLORACAO": null, "IRRIGACAO_FRUTIFICACAO": null, "DATA_IRRIGACAO_ORDINARIA": null, "DATA_IRRIGACAO_FLORACAO": null, "DATA_IRRIGACAO_FRUTIFICACAO": null, "INICIO_COLHEITA": null, "FIM_COLHEITA": null, "VOLUME_COLHIDO": null }, "geometry": { "type": "Point", "coordinates": [ -34.849765377468174, -7.254604820103915 ] } },
{ "type": "Feature", "properties": { "fid": 111, "ID": "C003", "Latitude": -7.255053, "Longitude": -34.848137, "NOME_POPULAR": "Cajueiro", "NOME_CIENTIFICO": null, "DATA_PLANTIO": null, "TIPO_PLANTIO": null, "ALTURA_TOTAL": null, "DIAMETRO_COPA": null, "DATA_PODA_FORMACAO_1": null, "DATA_PODA_FORMACAO_2": null, "DATA_PODA_FORMACAO_3": null, "DATA_PODA_REDUCAO": null, "DATA_PODA_FLORACAO": null, "DATA_ADUBACAO_ORDINARIA": null, "ADUBACAO_FRUTIFICACAO": null, "IRRIGACAO_ORDINARIA": null, "IRRIGACAO_FLORACAO": null, "IRRIGACAO_FRUTIFICACAO": null, "DATA_IRRIGACAO_ORDINARIA": null, "DATA_IRRIGACAO_FLORACAO": null, "DATA_IRRIGACAO_FRUTIFICACAO": null, "INICIO_COLHEITA": null, "FIM_COLHEITA": null, "VOLUME_COLHIDO": null }, "geometry": { "type": "Point", "coordinates": [ -34.848137, -7.255053 ] } },
{ "type": "Feature", "properties": { "fid": 112, "ID": "C0059", "Latitude": -7.255376, "Longitude": -34.848411, "NOME_POPULAR": "Cajueiro", "NOME_CIENTIFICO": null, "DATA_PLANTIO": null, "TIPO_PLANTIO": null, "ALTURA_TOTAL": null, "DIAMETRO_COPA": null, "DATA_PODA_FORMACAO_1": null, "DATA_PODA_FORMACAO_2": null, "DATA_PODA_FORMACAO_3": null, "DATA_PODA_REDUCAO": null, "DATA_PODA_FLORACAO": null, "DATA_ADUBACAO_ORDINARIA": null, "ADUBACAO_FRUTIFICACAO": null, "IRRIGACAO_ORDINARIA": null, "IRRIGACAO_FLORACAO": null, "IRRIGACAO_FRUTIFICACAO": null, "DATA_IRRIGACAO_ORDINARIA": null, "DATA_IRRIGACAO_FLORACAO": null, "DATA_IRRIGACAO_FRUTIFICACAO": null, "INICIO_COLHEITA": null, "FIM_COLHEITA": null, "VOLUME_COLHIDO": null }, "geometry": { "type": "Point", "coordinates": [ -34.848411, -7.255376 ] } },
{ "type": "Feature", "properties": { "fid": 113, "ID": "C0086", "Latitude": -7.255217, "Longitude": -34.848569, "NOME_POPULAR": "Cajueiro", "NOME_CIENTIFICO": null, "DATA_PLANTIO": null, "TIPO_PLANTIO": null, "ALTURA_TOTAL": null, "DIAMETRO_COPA": null, "DATA_PODA_FORMACAO_1": null, "DATA_PODA_FORMACAO_2": null, "DATA_PODA_FORMACAO_3": null, "DATA_PODA_REDUCAO": null, "DATA_PODA_FLORACAO": null, "DATA_ADUBACAO_ORDINARIA": null, "ADUBACAO_FRUTIFICACAO": null, "IRRIGACAO_ORDINARIA": null, "IRRIGACAO_FLORACAO": null, "IRRIGACAO_FRUTIFICACAO": null, "DATA_IRRIGACAO_ORDINARIA": null, "DATA_IRRIGACAO_FLORACAO": null, "DATA_IRRIGACAO_FRUTIFICACAO": null, "INICIO_COLHEITA": null, "FIM_COLHEITA": null, "VOLUME_COLHIDO": null }, "geometry": { "type": "Point", "coordinates": [ -34.848569, -7.255217 ] } },
{ "type": "Feature", "properties": { "fid": 114, "ID": "C01", "Latitude": -7.254897, "Longitude": -34.848147, "NOME_POPULAR": "Cajueiro", "NOME_CIENTIFICO": null, "DATA_PLANTIO": null, "TIPO_PLANTIO": null, "ALTURA_TOTAL": null, "DIAMETRO_COPA": null, "DATA_PODA_FORMACAO_1": null, "DATA_PODA_FORMACAO_2": null, "DATA_PODA_FORMACAO_3": null, "DATA_PODA_REDUCAO": null, "DATA_PODA_FLORACAO": null, "DATA_ADUBACAO_ORDINARIA": null, "ADUBACAO_FRUTIFICACAO": null, "IRRIGACAO_ORDINARIA": null, "IRRIGACAO_FLORACAO": null, "IRRIGACAO_FRUTIFICACAO": null, "DATA_IRRIGACAO_ORDINARIA": null, "DATA_IRRIGACAO_FLORACAO": null, "DATA_IRRIGACAO_FRUTIFICACAO": null, "INICIO_COLHEITA": null, "FIM_COLHEITA": null, "VOLUME_COLHIDO": null }, "geometry": { "type": "Point", "coordinates": [ -34.848147, -7.254897 ] } },
{ "type": "Feature", "properties": { "fid": 115, "ID": "C012", "Latitude": -7.255624, "Longitude": -34.848106, "NOME_POPULAR": "Cajueiro", "NOME_CIENTIFICO": null, "DATA_PLANTIO": null, "TIPO_PLANTIO": null, "ALTURA_TOTAL": null, "DIAMETRO_COPA": null, "DATA_PODA_FORMACAO_1": null, "DATA_PODA_FORMACAO_2": null, "DATA_PODA_FORMACAO_3": null, "DATA_PODA_REDUCAO": null, "DATA_PODA_FLORACAO": null, "DATA_ADUBACAO_ORDINARIA": null, "ADUBACAO_FRUTIFICACAO": null, "IRRIGACAO_ORDINARIA": null, "IRRIGACAO_FLORACAO": null, "IRRIGACAO_FRUTIFICACAO": null, "DATA_IRRIGACAO_ORDINARIA": null, "DATA_IRRIGACAO_FLORACAO": null, "DATA_IRRIGACAO_FRUTIFICACAO": null, "INICIO_COLHEITA": null, "FIM_COLHEITA": null, "VOLUME_COLHIDO": null }, "geometry": { "type": "Point", "coordinates": [ -34.848106, -7.255624 ] } },
{ "type": "Feature", "properties": { "fid": 116, "ID": "C02", "Latitude": -7.254992, "Longitude": -34.848133, "NOME_POPULAR": "Cajueiro", "NOME_CIENTIFICO": null, "DATA_PLANTIO": null, "TIPO_PLANTIO": null, "ALTURA_TOTAL": null, "DIAMETRO_COPA": null, "DATA_PODA_FORMACAO_1": null, "DATA_PODA_FORMACAO_2": null, "DATA_PODA_FORMACAO_3": null, "DATA_PODA_REDUCAO": null, "DATA_PODA_FLORACAO": null, "DATA_ADUBACAO_ORDINARIA": null, "ADUBACAO_FRUTIFICACAO": null, "IRRIGACAO_ORDINARIA": null, "IRRIGACAO_FLORACAO": null, "IRRIGACAO_FRUTIFICACAO": null, "DATA_IRRIGACAO_ORDINARIA": null, "DATA_IRRIGACAO_FLORACAO": null, "DATA_IRRIGACAO_FRUTIFICACAO": null, "INICIO_COLHEITA": null, "FIM_COLHEITA": null, "VOLUME_COLHIDO": null }, "geometry": { "type": "Point", "coordinates": [ -34.848133, -7.254992 ] } },
{ "type": "Feature", "properties": { "fid": 117, "ID": "C020", "Latitude": -7.255651, "Longitude": -34.848184, "NOME_POPULAR": "Cajueiro", "NOME_CIENTIFICO": null, "DATA_PLANTIO": null, "TIPO_PLANTIO": null, "ALTURA_TOTAL": null, "DIAMETRO_COPA": null, "DATA_PODA_FORMACAO_1": null, "DATA_PODA_FORMACAO_2": null, "DATA_PODA_FORMACAO_3": null, "DATA_PODA_REDUCAO": null, "DATA_PODA_FLORACAO": null, "DATA_ADUBACAO_ORDINARIA": null, "ADUBACAO_FRUTIFICACAO": null, "IRRIGACAO_ORDINARIA": null, "IRRIGACAO_FLORACAO": null, "IRRIGACAO_FRUTIFICACAO": null, "DATA_IRRIGACAO_ORDINARIA": null, "DATA_IRRIGACAO_FLORACAO": null, "DATA_IRRIGACAO_FRUTIFICACAO": null, "INICIO_COLHEITA": null, "FIM_COLHEITA": null, "VOLUME_COLHIDO": null }, "geometry": { "type": "Point", "coordinates": [ -34.848184, -7.255651 ] } },
{ "type": "Feature", "properties": { "fid": 118, "ID": "C021", "Latitude": -7.255606, "Longitude": -34.848188, "NOME_POPULAR": "Cajueiro", "NOME_CIENTIFICO": null, "DATA_PLANTIO": null, "TIPO_PLANTIO": null, "ALTURA_TOTAL": null, "DIAMETRO_COPA": null, "DATA_PODA_FORMACAO_1": null, "DATA_PODA_FORMACAO_2": null, "DATA_PODA_FORMACAO_3": null, "DATA_PODA_REDUCAO": null, "DATA_PODA_FLORACAO": null, "DATA_ADUBACAO_ORDINARIA": null, "ADUBACAO_FRUTIFICACAO": null, "IRRIGACAO_ORDINARIA": null, "IRRIGACAO_FLORACAO": null, "IRRIGACAO_FRUTIFICACAO": null, "DATA_IRRIGACAO_ORDINARIA": null, "DATA_IRRIGACAO_FLORACAO": null, "DATA_IRRIGACAO_FRUTIFICACAO": null, "INICIO_COLHEITA": null, "FIM_COLHEITA": null, "VOLUME_COLHIDO": null }, "geometry": { "type": "Point", "coordinates": [ -34.848188, -7.255606 ] } },
{ "type": "Feature", "properties": { "fid": 119, "ID": "C022", "Latitude": -7.255554, "Longitude": -34.848175, "NOME_POPULAR": "Cajueiro", "NOME_CIENTIFICO": null, "DATA_PLANTIO": null, "TIPO_PLANTIO": null, "ALTURA_TOTAL": null, "DIAMETRO_COPA": null, "DATA_PODA_FORMACAO_1": null, "DATA_PODA_FORMACAO_2": null, "DATA_PODA_FORMACAO_3": null, "DATA_PODA_REDUCAO": null, "DATA_PODA_FLORACAO": null, "DATA_ADUBACAO_ORDINARIA": null, "ADUBACAO_FRUTIFICACAO": null, "IRRIGACAO_ORDINARIA": null, "IRRIGACAO_FLORACAO": null, "IRRIGACAO_FRUTIFICACAO": null, "DATA_IRRIGACAO_ORDINARIA": null, "DATA_IRRIGACAO_FLORACAO": null, "DATA_IRRIGACAO_FRUTIFICACAO": null, "INICIO_COLHEITA": null, "FIM_COLHEITA": null, "VOLUME_COLHIDO": null }, "geometry": { "type": "Point", "coordinates": [ -34.848175, -7.255554 ] } },
{ "type": "Feature", "properties": { "fid": 120, "ID": "C023", "Latitude": -7.255502, "Longitude": -34.848163, "NOME_POPULAR": "Cajueiro", "NOME_CIENTIFICO": null, "DATA_PLANTIO": null, "TIPO_PLANTIO": null, "ALTURA_TOTAL": null, "DIAMETRO_COPA": null, "DATA_PODA_FORMACAO_1": null, "DATA_PODA_FORMACAO_2": null, "DATA_PODA_FORMACAO_3": null, "DATA_PODA_REDUCAO": null, "DATA_PODA_FLORACAO": null, "DATA_ADUBACAO_ORDINARIA": null, "ADUBACAO_FRUTIFICACAO": null, "IRRIGACAO_ORDINARIA": null, "IRRIGACAO_FLORACAO": null, "IRRIGACAO_FRUTIFICACAO": null, "DATA_IRRIGACAO_ORDINARIA": null, "DATA_IRRIGACAO_FLORACAO": null, "DATA_IRRIGACAO_FRUTIFICACAO": null, "INICIO_COLHEITA": null, "FIM_COLHEITA": null, "VOLUME_COLHIDO": null }, "geometry": { "type": "Point", "coordinates": [ -34.848163, -7.255502 ] } },
{ "type": "Feature", "properties": { "fid": 121, "ID": "C024", "Latitude": -7.255455, "Longitude": -34.848193, "NOME_POPULAR": "Cajueiro", "NOME_CIENTIFICO": null, "DATA_PLANTIO": null, "TIPO_PLANTIO": null, "ALTURA_TOTAL": null, "DIAMETRO_COPA": null, "DATA_PODA_FORMACAO_1": null, "DATA_PODA_FORMACAO_2": null, "DATA_PODA_FORMACAO_3": null, "DATA_PODA_REDUCAO": null, "DATA_PODA_FLORACAO": null, "DATA_ADUBACAO_ORDINARIA": null, "ADUBACAO_FRUTIFICACAO": null, "IRRIGACAO_ORDINARIA": null, "IRRIGACAO_FLORACAO": null, "IRRIGACAO_FRUTIFICACAO": null, "DATA_IRRIGACAO_ORDINARIA": null, "DATA_IRRIGACAO_FLORACAO": null, "DATA_IRRIGACAO_FRUTIFICACAO": null, "INICIO_COLHEITA": null, "FIM_COLHEITA": null, "VOLUME_COLHIDO": null }, "geometry": { "type": "Point", "coordinates": [ -34.848193, -7.255455 ] } },
{ "type": "Feature", "properties": { "fid": 122, "ID": "C025", "Latitude": -7.255409, "Longitude": -34.848181, "NOME_POPULAR": "Cajueiro", "NOME_CIENTIFICO": null, "DATA_PLANTIO": null, "TIPO_PLANTIO": null, "ALTURA_TOTAL": null, "DIAMETRO_COPA": null, "DATA_PODA_FORMACAO_1": null, "DATA_PODA_FORMACAO_2": null, "DATA_PODA_FORMACAO_3": null, "DATA_PODA_REDUCAO": null, "DATA_PODA_FLORACAO": null, "DATA_ADUBACAO_ORDINARIA": null, "ADUBACAO_FRUTIFICACAO": null, "IRRIGACAO_ORDINARIA": null, "IRRIGACAO_FLORACAO": null, "IRRIGACAO_FRUTIFICACAO": null, "DATA_IRRIGACAO_ORDINARIA": null, "DATA_IRRIGACAO_FLORACAO": null, "DATA_IRRIGACAO_FRUTIFICACAO": null, "INICIO_COLHEITA": null, "FIM_COLHEITA": null, "VOLUME_COLHIDO": null }, "geometry": { "type": "Point", "coordinates": [ -34.848181, -7.255409 ] } },
{ "type": "Feature", "properties": { "fid": 123, "ID": "C026", "Latitude": -7.255343, "Longitude": -34.84818, "NOME_POPULAR": "Cajueiro", "NOME_CIENTIFICO": null, "DATA_PLANTIO": null, "TIPO_PLANTIO": null, "ALTURA_TOTAL": null, "DIAMETRO_COPA": null, "DATA_PODA_FORMACAO_1": null, "DATA_PODA_FORMACAO_2": null, "DATA_PODA_FORMACAO_3": null, "DATA_PODA_REDUCAO": null, "DATA_PODA_FLORACAO": null, "DATA_ADUBACAO_ORDINARIA": null, "ADUBACAO_FRUTIFICACAO": null, "IRRIGACAO_ORDINARIA": null, "IRRIGACAO_FLORACAO": null, "IRRIGACAO_FRUTIFICACAO": null, "DATA_IRRIGACAO_ORDINARIA": null, "DATA_IRRIGACAO_FLORACAO": null, "DATA_IRRIGACAO_FRUTIFICACAO": null, "INICIO_COLHEITA": null, "FIM_COLHEITA": null, "VOLUME_COLHIDO": null }, "geometry": { "type": "Point", "coordinates": [ -34.84818, -7.255343 ] } },
{ "type": "Feature", "properties": { "fid": 124, "ID": "C031", "Latitude": -7.254924, "Longitude": -34.848198, "NOME_POPULAR": "Cajueiro", "NOME_CIENTIFICO": null, "DATA_PLANTIO": null, "TIPO_PLANTIO": null, "ALTURA_TOTAL": null, "DIAMETRO_COPA": null, "DATA_PODA_FORMACAO_1": null, "DATA_PODA_FORMACAO_2": null, "DATA_PODA_FORMACAO_3": null, "DATA_PODA_REDUCAO": null, "DATA_PODA_FLORACAO": null, "DATA_ADUBACAO_ORDINARIA": null, "ADUBACAO_FRUTIFICACAO": null, "IRRIGACAO_ORDINARIA": null, "IRRIGACAO_FLORACAO": null, "IRRIGACAO_FRUTIFICACAO": null, "DATA_IRRIGACAO_ORDINARIA": null, "DATA_IRRIGACAO_FLORACAO": null, "DATA_IRRIGACAO_FRUTIFICACAO": null, "INICIO_COLHEITA": null, "FIM_COLHEITA": null, "VOLUME_COLHIDO": null }, "geometry": { "type": "Point", "coordinates": [ -34.848198, -7.254924 ] } },
{ "type": "Feature", "properties": { "fid": 125, "ID": "C0310", "Latitude": -7.255483, "Longitude": -34.848228, "NOME_POPULAR": "Cajueiro", "NOME_CIENTIFICO": null, "DATA_PLANTIO": null, "TIPO_PLANTIO": null, "ALTURA_TOTAL": null, "DIAMETRO_COPA": null, "DATA_PODA_FORMACAO_1": null, "DATA_PODA_FORMACAO_2": null, "DATA_PODA_FORMACAO_3": null, "DATA_PODA_REDUCAO": null, "DATA_PODA_FLORACAO": null, "DATA_ADUBACAO_ORDINARIA": null, "ADUBACAO_FRUTIFICACAO": null, "IRRIGACAO_ORDINARIA": null, "IRRIGACAO_FLORACAO": null, "IRRIGACAO_FRUTIFICACAO": null, "DATA_IRRIGACAO_ORDINARIA": null, "DATA_IRRIGACAO_FLORACAO": null, "DATA_IRRIGACAO_FRUTIFICACAO": null, "INICIO_COLHEITA": null, "FIM_COLHEITA": null, "VOLUME_COLHIDO": null }, "geometry": { "type": "Point", "coordinates": [ -34.848228, -7.255483 ] } },
{ "type": "Feature", "properties": { "fid": 126, "ID": "C0311", "Latitude": -7.25558, "Longitude": -34.848235, "NOME_POPULAR": "Cajueiro", "NOME_CIENTIFICO": null, "DATA_PLANTIO": null, "TIPO_PLANTIO": null, "ALTURA_TOTAL": null, "DIAMETRO_COPA": null, "DATA_PODA_FORMACAO_1": null, "DATA_PODA_FORMACAO_2": null, "DATA_PODA_FORMACAO_3": null, "DATA_PODA_REDUCAO": null, "DATA_PODA_FLORACAO": null, "DATA_ADUBACAO_ORDINARIA": null, "ADUBACAO_FRUTIFICACAO": null, "IRRIGACAO_ORDINARIA": null, "IRRIGACAO_FLORACAO": null, "IRRIGACAO_FRUTIFICACAO": null, "DATA_IRRIGACAO_ORDINARIA": null, "DATA_IRRIGACAO_FLORACAO": null, "DATA_IRRIGACAO_FRUTIFICACAO": null, "INICIO_COLHEITA": null, "FIM_COLHEITA": null, "VOLUME_COLHIDO": null }, "geometry": { "type": "Point", "coordinates": [ -34.848235, -7.25558 ] } },
{ "type": "Feature", "properties": { "fid": 127, "ID": "C0312", "Latitude": -7.255604, "Longitude": -34.848263, "NOME_POPULAR": "Cajueiro", "NOME_CIENTIFICO": null, "DATA_PLANTIO": null, "TIPO_PLANTIO": null, "ALTURA_TOTAL": null, "DIAMETRO_COPA": null, "DATA_PODA_FORMACAO_1": null, "DATA_PODA_FORMACAO_2": null, "DATA_PODA_FORMACAO_3": null, "DATA_PODA_REDUCAO": null, "DATA_PODA_FLORACAO": null, "DATA_ADUBACAO_ORDINARIA": null, "ADUBACAO_FRUTIFICACAO": null, "IRRIGACAO_ORDINARIA": null, "IRRIGACAO_FLORACAO": null, "IRRIGACAO_FRUTIFICACAO": null, "DATA_IRRIGACAO_ORDINARIA": null, "DATA_IRRIGACAO_FLORACAO": null, "DATA_IRRIGACAO_FRUTIFICACAO": null, "INICIO_COLHEITA": null, "FIM_COLHEITA": null, "VOLUME_COLHIDO": null }, "geometry": { "type": "Point", "coordinates": [ -34.848263, -7.255604 ] } },
{ "type": "Feature", "properties": { "fid": 128, "ID": "C0313", "Latitude": -7.255649, "Longitude": -34.848278, "NOME_POPULAR": "Cajueiro", "NOME_CIENTIFICO": null, "DATA_PLANTIO": null, "TIPO_PLANTIO": null, "ALTURA_TOTAL": null, "DIAMETRO_COPA": null, "DATA_PODA_FORMACAO_1": null, "DATA_PODA_FORMACAO_2": null, "DATA_PODA_FORMACAO_3": null, "DATA_PODA_REDUCAO": null, "DATA_PODA_FLORACAO": null, "DATA_ADUBACAO_ORDINARIA": null, "ADUBACAO_FRUTIFICACAO": null, "IRRIGACAO_ORDINARIA": null, "IRRIGACAO_FLORACAO": null, "IRRIGACAO_FRUTIFICACAO": null, "DATA_IRRIGACAO_ORDINARIA": null, "DATA_IRRIGACAO_FLORACAO": null, "DATA_IRRIGACAO_FRUTIFICACAO": null, "INICIO_COLHEITA": null, "FIM_COLHEITA": null, "VOLUME_COLHIDO": null }, "geometry": { "type": "Point", "coordinates": [ -34.848278, -7.255649 ] } },
{ "type": "Feature", "properties": { "fid": 129, "ID": "C032", "Latitude": -7.254951, "Longitude": -34.848202, "NOME_POPULAR": "Cajueiro", "NOME_CIENTIFICO": null, "DATA_PLANTIO": null, "TIPO_PLANTIO": null, "ALTURA_TOTAL": null, "DIAMETRO_COPA": null, "DATA_PODA_FORMACAO_1": null, "DATA_PODA_FORMACAO_2": null, "DATA_PODA_FORMACAO_3": null, "DATA_PODA_REDUCAO": null, "DATA_PODA_FLORACAO": null, "DATA_ADUBACAO_ORDINARIA": null, "ADUBACAO_FRUTIFICACAO": null, "IRRIGACAO_ORDINARIA": null, "IRRIGACAO_FLORACAO": null, "IRRIGACAO_FRUTIFICACAO": null, "DATA_IRRIGACAO_ORDINARIA": null, "DATA_IRRIGACAO_FLORACAO": null, "DATA_IRRIGACAO_FRUTIFICACAO": null, "INICIO_COLHEITA": null, "FIM_COLHEITA": null, "VOLUME_COLHIDO": null }, "geometry": { "type": "Point", "coordinates": [ -34.848202, -7.254951 ] } },
{ "type": "Feature", "properties": { "fid": 130, "ID": "C033", "Latitude": -7.255032, "Longitude": -34.848204, "NOME_POPULAR": "Cajueiro", "NOME_CIENTIFICO": null, "DATA_PLANTIO": null, "TIPO_PLANTIO": null, "ALTURA_TOTAL": null, "DIAMETRO_COPA": null, "DATA_PODA_FORMACAO_1": null, "DATA_PODA_FORMACAO_2": null, "DATA_PODA_FORMACAO_3": null, "DATA_PODA_REDUCAO": null, "DATA_PODA_FLORACAO": null, "DATA_ADUBACAO_ORDINARIA": null, "ADUBACAO_FRUTIFICACAO": null, "IRRIGACAO_ORDINARIA": null, "IRRIGACAO_FLORACAO": null, "IRRIGACAO_FRUTIFICACAO": null, "DATA_IRRIGACAO_ORDINARIA": null, "DATA_IRRIGACAO_FLORACAO": null, "DATA_IRRIGACAO_FRUTIFICACAO": null, "INICIO_COLHEITA": null, "FIM_COLHEITA": null, "VOLUME_COLHIDO": null }, "geometry": { "type": "Point", "coordinates": [ -34.848204, -7.255032 ] } },
{ "type": "Feature", "properties": { "fid": 131, "ID": "C034", "Latitude": -7.255105, "Longitude": -34.848214, "NOME_POPULAR": "Cajueiro", "NOME_CIENTIFICO": null, "DATA_PLANTIO": null, "TIPO_PLANTIO": null, "ALTURA_TOTAL": null, "DIAMETRO_COPA": null, "DATA_PODA_FORMACAO_1": null, "DATA_PODA_FORMACAO_2": null, "DATA_PODA_FORMACAO_3": null, "DATA_PODA_REDUCAO": null, "DATA_PODA_FLORACAO": null, "DATA_ADUBACAO_ORDINARIA": null, "ADUBACAO_FRUTIFICACAO": null, "IRRIGACAO_ORDINARIA": null, "IRRIGACAO_FLORACAO": null, "IRRIGACAO_FRUTIFICACAO": null, "DATA_IRRIGACAO_ORDINARIA": null, "DATA_IRRIGACAO_FLORACAO": null, "DATA_IRRIGACAO_FRUTIFICACAO": null, "INICIO_COLHEITA": null, "FIM_COLHEITA": null, "VOLUME_COLHIDO": null }, "geometry": { "type": "Point", "coordinates": [ -34.848214, -7.255105 ] } },
{ "type": "Feature", "properties": { "fid": 132, "ID": "C035", "Latitude": -7.25519, "Longitude": -34.848196, "NOME_POPULAR": "Cajueiro", "NOME_CIENTIFICO": null, "DATA_PLANTIO": null, "TIPO_PLANTIO": null, "ALTURA_TOTAL": null, "DIAMETRO_COPA": null, "DATA_PODA_FORMACAO_1": null, "DATA_PODA_FORMACAO_2": null, "DATA_PODA_FORMACAO_3": null, "DATA_PODA_REDUCAO": null, "DATA_PODA_FLORACAO": null, "DATA_ADUBACAO_ORDINARIA": null, "ADUBACAO_FRUTIFICACAO": null, "IRRIGACAO_ORDINARIA": null, "IRRIGACAO_FLORACAO": null, "IRRIGACAO_FRUTIFICACAO": null, "DATA_IRRIGACAO_ORDINARIA": null, "DATA_IRRIGACAO_FLORACAO": null, "DATA_IRRIGACAO_FRUTIFICACAO": null, "INICIO_COLHEITA": null, "FIM_COLHEITA": null, "VOLUME_COLHIDO": null }, "geometry": { "type": "Point", "coordinates": [ -34.848196, -7.25519 ] } },
{ "type": "Feature", "properties": { "fid": 133, "ID": "C036", "Latitude": -7.255251, "Longitude": -34.848196, "NOME_POPULAR": "Cajueiro", "NOME_CIENTIFICO": null, "DATA_PLANTIO": null, "TIPO_PLANTIO": null, "ALTURA_TOTAL": null, "DIAMETRO_COPA": null, "DATA_PODA_FORMACAO_1": null, "DATA_PODA_FORMACAO_2": null, "DATA_PODA_FORMACAO_3": null, "DATA_PODA_REDUCAO": null, "DATA_PODA_FLORACAO": null, "DATA_ADUBACAO_ORDINARIA": null, "ADUBACAO_FRUTIFICACAO": null, "IRRIGACAO_ORDINARIA": null, "IRRIGACAO_FLORACAO": null, "IRRIGACAO_FRUTIFICACAO": null, "DATA_IRRIGACAO_ORDINARIA": null, "DATA_IRRIGACAO_FLORACAO": null, "DATA_IRRIGACAO_FRUTIFICACAO": null, "INICIO_COLHEITA": null, "FIM_COLHEITA": null, "VOLUME_COLHIDO": null }, "geometry": { "type": "Point", "coordinates": [ -34.848196, -7.255251 ] } },
{ "type": "Feature", "properties": { "fid": 134, "ID": "C037", "Latitude": -7.255312, "Longitude": -34.848203, "NOME_POPULAR": "Cajueiro", "NOME_CIENTIFICO": null, "DATA_PLANTIO": null, "TIPO_PLANTIO": null, "ALTURA_TOTAL": null, "DIAMETRO_COPA": null, "DATA_PODA_FORMACAO_1": null, "DATA_PODA_FORMACAO_2": null, "DATA_PODA_FORMACAO_3": null, "DATA_PODA_REDUCAO": null, "DATA_PODA_FLORACAO": null, "DATA_ADUBACAO_ORDINARIA": null, "ADUBACAO_FRUTIFICACAO": null, "IRRIGACAO_ORDINARIA": null, "IRRIGACAO_FLORACAO": null, "IRRIGACAO_FRUTIFICACAO": null, "DATA_IRRIGACAO_ORDINARIA": null, "DATA_IRRIGACAO_FLORACAO": null, "DATA_IRRIGACAO_FRUTIFICACAO": null, "INICIO_COLHEITA": null, "FIM_COLHEITA": null, "VOLUME_COLHIDO": null }, "geometry": { "type": "Point", "coordinates": [ -34.848203, -7.255312 ] } },
{ "type": "Feature", "properties": { "fid": 135, "ID": "C038", "Latitude": -7.25537, "Longitude": -34.848206, "NOME_POPULAR": "Cajueiro", "NOME_CIENTIFICO": null, "DATA_PLANTIO": null, "TIPO_PLANTIO": null, "ALTURA_TOTAL": null, "DIAMETRO_COPA": null, "DATA_PODA_FORMACAO_1": null, "DATA_PODA_FORMACAO_2": null, "DATA_PODA_FORMACAO_3": null, "DATA_PODA_REDUCAO": null, "DATA_PODA_FLORACAO": null, "DATA_ADUBACAO_ORDINARIA": null, "ADUBACAO_FRUTIFICACAO": null, "IRRIGACAO_ORDINARIA": null, "IRRIGACAO_FLORACAO": null, "IRRIGACAO_FRUTIFICACAO": null, "DATA_IRRIGACAO_ORDINARIA": null, "DATA_IRRIGACAO_FLORACAO": null, "DATA_IRRIGACAO_FRUTIFICACAO": null, "INICIO_COLHEITA": null, "FIM_COLHEITA": null, "VOLUME_COLHIDO": null }, "geometry": { "type": "Point", "coordinates": [ -34.848206, -7.25537 ] } },
{ "type": "Feature", "properties": { "fid": 136, "ID": "C039", "Latitude": -7.255424, "Longitude": -34.848202, "NOME_POPULAR": "Cajueiro", "NOME_CIENTIFICO": null, "DATA_PLANTIO": null, "TIPO_PLANTIO": null, "ALTURA_TOTAL": null, "DIAMETRO_COPA": null, "DATA_PODA_FORMACAO_1": null, "DATA_PODA_FORMACAO_2": null, "DATA_PODA_FORMACAO_3": null, "DATA_PODA_REDUCAO": null, "DATA_PODA_FLORACAO": null, "DATA_ADUBACAO_ORDINARIA": null, "ADUBACAO_FRUTIFICACAO": null, "IRRIGACAO_ORDINARIA": null, "IRRIGACAO_FLORACAO": null, "IRRIGACAO_FRUTIFICACAO": null, "DATA_IRRIGACAO_ORDINARIA": null, "DATA_IRRIGACAO_FLORACAO": null, "DATA_IRRIGACAO_FRUTIFICACAO": null, "INICIO_COLHEITA": null, "FIM_COLHEITA": null, "VOLUME_COLHIDO": null }, "geometry": { "type": "Point", "coordinates": [ -34.848202, -7.255424 ] } },
{ "type": "Feature", "properties": { "fid": 137, "ID": "C04", "Latitude": -7.255108, "Longitude": -34.848148, "NOME_POPULAR": "Cajueiro", "NOME_CIENTIFICO": null, "DATA_PLANTIO": null, "TIPO_PLANTIO": null, "ALTURA_TOTAL": null, "DIAMETRO_COPA": null, "DATA_PODA_FORMACAO_1": null, "DATA_PODA_FORMACAO_2": null, "DATA_PODA_FORMACAO_3": null, "DATA_PODA_REDUCAO": null, "DATA_PODA_FLORACAO": null, "DATA_ADUBACAO_ORDINARIA": null, "ADUBACAO_FRUTIFICACAO": null, "IRRIGACAO_ORDINARIA": null, "IRRIGACAO_FLORACAO": null, "IRRIGACAO_FRUTIFICACAO": null, "DATA_IRRIGACAO_ORDINARIA": null, "DATA_IRRIGACAO_FLORACAO": null, "DATA_IRRIGACAO_FRUTIFICACAO": null, "INICIO_COLHEITA": null, "FIM_COLHEITA": null, "VOLUME_COLHIDO": null }, "geometry": { "type": "Point", "coordinates": [ -34.848148, -7.255108 ] } },
{ "type": "Feature", "properties": { "fid": 138, "ID": "C040", "Latitude": -7.255662, "Longitude": -34.848311, "NOME_POPULAR": "Cajueiro", "NOME_CIENTIFICO": null, "DATA_PLANTIO": null, "TIPO_PLANTIO": null, "ALTURA_TOTAL": null, "DIAMETRO_COPA": null, "DATA_PODA_FORMACAO_1": null, "DATA_PODA_FORMACAO_2": null, "DATA_PODA_FORMACAO_3": null, "DATA_PODA_REDUCAO": null, "DATA_PODA_FLORACAO": null, "DATA_ADUBACAO_ORDINARIA": null, "ADUBACAO_FRUTIFICACAO": null, "IRRIGACAO_ORDINARIA": null, "IRRIGACAO_FLORACAO": null, "IRRIGACAO_FRUTIFICACAO": null, "DATA_IRRIGACAO_ORDINARIA": null, "DATA_IRRIGACAO_FLORACAO": null, "DATA_IRRIGACAO_FRUTIFICACAO": null, "INICIO_COLHEITA": null, "FIM_COLHEITA": null, "VOLUME_COLHIDO": null }, "geometry": { "type": "Point", "coordinates": [ -34.848311, -7.255662 ] } },
{ "type": "Feature", "properties": { "fid": 139, "ID": "C0410", "Latitude": -7.25506, "Longitude": -34.848249, "NOME_POPULAR": "Cajueiro", "NOME_CIENTIFICO": null, "DATA_PLANTIO": null, "TIPO_PLANTIO": null, "ALTURA_TOTAL": null, "DIAMETRO_COPA": null, "DATA_PODA_FORMACAO_1": null, "DATA_PODA_FORMACAO_2": null, "DATA_PODA_FORMACAO_3": null, "DATA_PODA_REDUCAO": null, "DATA_PODA_FLORACAO": null, "DATA_ADUBACAO_ORDINARIA": null, "ADUBACAO_FRUTIFICACAO": null, "IRRIGACAO_ORDINARIA": null, "IRRIGACAO_FLORACAO": null, "IRRIGACAO_FRUTIFICACAO": null, "DATA_IRRIGACAO_ORDINARIA": null, "DATA_IRRIGACAO_FLORACAO": null, "DATA_IRRIGACAO_FRUTIFICACAO": null, "INICIO_COLHEITA": null, "FIM_COLHEITA": null, "VOLUME_COLHIDO": null }, "geometry": { "type": "Point", "coordinates": [ -34.848249, -7.25506 ] } },
{ "type": "Feature", "properties": { "fid": 140, "ID": "C0411", "Latitude": -7.255035, "Longitude": -34.848242, "NOME_POPULAR": "Cajueiro", "NOME_CIENTIFICO": null, "DATA_PLANTIO": null, "TIPO_PLANTIO": null, "ALTURA_TOTAL": null, "DIAMETRO_COPA": null, "DATA_PODA_FORMACAO_1": null, "DATA_PODA_FORMACAO_2": null, "DATA_PODA_FORMACAO_3": null, "DATA_PODA_REDUCAO": null, "DATA_PODA_FLORACAO": null, "DATA_ADUBACAO_ORDINARIA": null, "ADUBACAO_FRUTIFICACAO": null, "IRRIGACAO_ORDINARIA": null, "IRRIGACAO_FLORACAO": null, "IRRIGACAO_FRUTIFICACAO": null, "DATA_IRRIGACAO_ORDINARIA": null, "DATA_IRRIGACAO_FLORACAO": null, "DATA_IRRIGACAO_FRUTIFICACAO": null, "INICIO_COLHEITA": null, "FIM_COLHEITA": null, "VOLUME_COLHIDO": null }, "geometry": { "type": "Point", "coordinates": [ -34.848242, -7.255035 ] } },
{ "type": "Feature", "properties": { "fid": 141, "ID": "C0412", "Latitude": -7.254981, "Longitude": -34.848232, "NOME_POPULAR": "Cajueiro", "NOME_CIENTIFICO": null, "DATA_PLANTIO": null, "TIPO_PLANTIO": null, "ALTURA_TOTAL": null, "DIAMETRO_COPA": null, "DATA_PODA_FORMACAO_1": null, "DATA_PODA_FORMACAO_2": null, "DATA_PODA_FORMACAO_3": null, "DATA_PODA_REDUCAO": null, "DATA_PODA_FLORACAO": null, "DATA_ADUBACAO_ORDINARIA": null, "ADUBACAO_FRUTIFICACAO": null, "IRRIGACAO_ORDINARIA": null, "IRRIGACAO_FLORACAO": null, "IRRIGACAO_FRUTIFICACAO": null, "DATA_IRRIGACAO_ORDINARIA": null, "DATA_IRRIGACAO_FLORACAO": null, "DATA_IRRIGACAO_FRUTIFICACAO": null, "INICIO_COLHEITA": null, "FIM_COLHEITA": null, "VOLUME_COLHIDO": null }, "geometry": { "type": "Point", "coordinates": [ -34.848232, -7.254981 ] } },
{ "type": "Feature", "properties": { "fid": 142, "ID": "C0413", "Latitude": -7.254897, "Longitude": -34.848209, "NOME_POPULAR": "Cajueiro", "NOME_CIENTIFICO": null, "DATA_PLANTIO": null, "TIPO_PLANTIO": null, "ALTURA_TOTAL": null, "DIAMETRO_COPA": null, "DATA_PODA_FORMACAO_1": null, "DATA_PODA_FORMACAO_2": null, "DATA_PODA_FORMACAO_3": null, "DATA_PODA_REDUCAO": null, "DATA_PODA_FLORACAO": null, "DATA_ADUBACAO_ORDINARIA": null, "ADUBACAO_FRUTIFICACAO": null, "IRRIGACAO_ORDINARIA": null, "IRRIGACAO_FLORACAO": null, "IRRIGACAO_FRUTIFICACAO": null, "DATA_IRRIGACAO_ORDINARIA": null, "DATA_IRRIGACAO_FLORACAO": null, "DATA_IRRIGACAO_FRUTIFICACAO": null, "INICIO_COLHEITA": null, "FIM_COLHEITA": null, "VOLUME_COLHIDO": null }, "geometry": { "type": "Point", "coordinates": [ -34.848209, -7.254897 ] } },
{ "type": "Feature", "properties": { "fid": 143, "ID": "C042", "Latitude": -7.255547, "Longitude": -34.848297, "NOME_POPULAR": "Cajueiro", "NOME_CIENTIFICO": null, "DATA_PLANTIO": null, "TIPO_PLANTIO": null, "ALTURA_TOTAL": null, "DIAMETRO_COPA": null, "DATA_PODA_FORMACAO_1": null, "DATA_PODA_FORMACAO_2": null, "DATA_PODA_FORMACAO_3": null, "DATA_PODA_REDUCAO": null, "DATA_PODA_FLORACAO": null, "DATA_ADUBACAO_ORDINARIA": null, "ADUBACAO_FRUTIFICACAO": null, "IRRIGACAO_ORDINARIA": null, "IRRIGACAO_FLORACAO": null, "IRRIGACAO_FRUTIFICACAO": null, "DATA_IRRIGACAO_ORDINARIA": null, "DATA_IRRIGACAO_FLORACAO": null, "DATA_IRRIGACAO_FRUTIFICACAO": null, "INICIO_COLHEITA": null, "FIM_COLHEITA": null, "VOLUME_COLHIDO": null }, "geometry": { "type": "Point", "coordinates": [ -34.848297, -7.255547 ] } },
{ "type": "Feature", "properties": { "fid": 144, "ID": "C043", "Latitude": -7.255492, "Longitude": -34.848321, "NOME_POPULAR": "Cajueiro", "NOME_CIENTIFICO": null, "DATA_PLANTIO": null, "TIPO_PLANTIO": null, "ALTURA_TOTAL": null, "DIAMETRO_COPA": null, "DATA_PODA_FORMACAO_1": null, "DATA_PODA_FORMACAO_2": null, "DATA_PODA_FORMACAO_3": null, "DATA_PODA_REDUCAO": null, "DATA_PODA_FLORACAO": null, "DATA_ADUBACAO_ORDINARIA": null, "ADUBACAO_FRUTIFICACAO": null, "IRRIGACAO_ORDINARIA": null, "IRRIGACAO_FLORACAO": null, "IRRIGACAO_FRUTIFICACAO": null, "DATA_IRRIGACAO_ORDINARIA": null, "DATA_IRRIGACAO_FLORACAO": null, "DATA_IRRIGACAO_FRUTIFICACAO": null, "INICIO_COLHEITA": null, "FIM_COLHEITA": null, "VOLUME_COLHIDO": null }, "geometry": { "type": "Point", "coordinates": [ -34.848321, -7.255492 ] } },
{ "type": "Feature", "properties": { "fid": 145, "ID": "C044", "Latitude": -7.255488, "Longitude": -34.848329, "NOME_POPULAR": "Cajueiro", "NOME_CIENTIFICO": null, "DATA_PLANTIO": null, "TIPO_PLANTIO": null, "ALTURA_TOTAL": null, "DIAMETRO_COPA": null, "DATA_PODA_FORMACAO_1": null, "DATA_PODA_FORMACAO_2": null, "DATA_PODA_FORMACAO_3": null, "DATA_PODA_REDUCAO": null, "DATA_PODA_FLORACAO": null, "DATA_ADUBACAO_ORDINARIA": null, "ADUBACAO_FRUTIFICACAO": null, "IRRIGACAO_ORDINARIA": null, "IRRIGACAO_FLORACAO": null, "IRRIGACAO_FRUTIFICACAO": null, "DATA_IRRIGACAO_ORDINARIA": null, "DATA_IRRIGACAO_FLORACAO": null, "DATA_IRRIGACAO_FRUTIFICACAO": null, "INICIO_COLHEITA": null, "FIM_COLHEITA": null, "VOLUME_COLHIDO": null }, "geometry": { "type": "Point", "coordinates": [ -34.848329, -7.255488 ] } },
{ "type": "Feature", "properties": { "fid": 146, "ID": "C045", "Latitude": -7.255308, "Longitude": -34.848264, "NOME_POPULAR": "Cajueiro", "NOME_CIENTIFICO": null, "DATA_PLANTIO": null, "TIPO_PLANTIO": null, "ALTURA_TOTAL": null, "DIAMETRO_COPA": null, "DATA_PODA_FORMACAO_1": null, "DATA_PODA_FORMACAO_2": null, "DATA_PODA_FORMACAO_3": null, "DATA_PODA_REDUCAO": null, "DATA_PODA_FLORACAO": null, "DATA_ADUBACAO_ORDINARIA": null, "ADUBACAO_FRUTIFICACAO": null, "IRRIGACAO_ORDINARIA": null, "IRRIGACAO_FLORACAO": null, "IRRIGACAO_FRUTIFICACAO": null, "DATA_IRRIGACAO_ORDINARIA": null, "DATA_IRRIGACAO_FLORACAO": null, "DATA_IRRIGACAO_FRUTIFICACAO": null, "INICIO_COLHEITA": null, "FIM_COLHEITA": null, "VOLUME_COLHIDO": null }, "geometry": { "type": "Point", "coordinates": [ -34.848264, -7.255308 ] } },
{ "type": "Feature", "properties": { "fid": 147, "ID": "C046", "Latitude": -7.255146, "Longitude": -34.848276, "NOME_POPULAR": "Cajueiro", "NOME_CIENTIFICO": null, "DATA_PLANTIO": null, "TIPO_PLANTIO": null, "ALTURA_TOTAL": null, "DIAMETRO_COPA": null, "DATA_PODA_FORMACAO_1": null, "DATA_PODA_FORMACAO_2": null, "DATA_PODA_FORMACAO_3": null, "DATA_PODA_REDUCAO": null, "DATA_PODA_FLORACAO": null, "DATA_ADUBACAO_ORDINARIA": null, "ADUBACAO_FRUTIFICACAO": null, "IRRIGACAO_ORDINARIA": null, "IRRIGACAO_FLORACAO": null, "IRRIGACAO_FRUTIFICACAO": null, "DATA_IRRIGACAO_ORDINARIA": null, "DATA_IRRIGACAO_FLORACAO": null, "DATA_IRRIGACAO_FRUTIFICACAO": null, "INICIO_COLHEITA": null, "FIM_COLHEITA": null, "VOLUME_COLHIDO": null }, "geometry": { "type": "Point", "coordinates": [ -34.848276, -7.255146 ] } },
{ "type": "Feature", "properties": { "fid": 148, "ID": "C047", "Latitude": -7.255102, "Longitude": -34.848264, "NOME_POPULAR": "Cajueiro", "NOME_CIENTIFICO": null, "DATA_PLANTIO": null, "TIPO_PLANTIO": null, "ALTURA_TOTAL": null, "DIAMETRO_COPA": null, "DATA_PODA_FORMACAO_1": null, "DATA_PODA_FORMACAO_2": null, "DATA_PODA_FORMACAO_3": null, "DATA_PODA_REDUCAO": null, "DATA_PODA_FLORACAO": null, "DATA_ADUBACAO_ORDINARIA": null, "ADUBACAO_FRUTIFICACAO": null, "IRRIGACAO_ORDINARIA": null, "IRRIGACAO_FLORACAO": null, "IRRIGACAO_FRUTIFICACAO": null, "DATA_IRRIGACAO_ORDINARIA": null, "DATA_IRRIGACAO_FLORACAO": null, "DATA_IRRIGACAO_FRUTIFICACAO": null, "INICIO_COLHEITA": null, "FIM_COLHEITA": null, "VOLUME_COLHIDO": null }, "geometry": { "type": "Point", "coordinates": [ -34.848264, -7.255102 ] } },
{ "type": "Feature", "properties": { "fid": 149, "ID": "C048", "Latitude": -7.255093, "Longitude": -34.848275, "NOME_POPULAR": "Cajueiro", "NOME_CIENTIFICO": null, "DATA_PLANTIO": null, "TIPO_PLANTIO": null, "ALTURA_TOTAL": null, "DIAMETRO_COPA": null, "DATA_PODA_FORMACAO_1": null, "DATA_PODA_FORMACAO_2": null, "DATA_PODA_FORMACAO_3": null, "DATA_PODA_REDUCAO": null, "DATA_PODA_FLORACAO": null, "DATA_ADUBACAO_ORDINARIA": null, "ADUBACAO_FRUTIFICACAO": null, "IRRIGACAO_ORDINARIA": null, "IRRIGACAO_FLORACAO": null, "IRRIGACAO_FRUTIFICACAO": null, "DATA_IRRIGACAO_ORDINARIA": null, "DATA_IRRIGACAO_FLORACAO": null, "DATA_IRRIGACAO_FRUTIFICACAO": null, "INICIO_COLHEITA": null, "FIM_COLHEITA": null, "VOLUME_COLHIDO": null }, "geometry": { "type": "Point", "coordinates": [ -34.848275, -7.255093 ] } },
{ "type": "Feature", "properties": { "fid": 150, "ID": "C05", "Latitude": -7.255216, "Longitude": -34.848166, "NOME_POPULAR": "Cajueiro", "NOME_CIENTIFICO": null, "DATA_PLANTIO": null, "TIPO_PLANTIO": null, "ALTURA_TOTAL": null, "DIAMETRO_COPA": null, "DATA_PODA_FORMACAO_1": null, "DATA_PODA_FORMACAO_2": null, "DATA_PODA_FORMACAO_3": null, "DATA_PODA_REDUCAO": null, "DATA_PODA_FLORACAO": null, "DATA_ADUBACAO_ORDINARIA": null, "ADUBACAO_FRUTIFICACAO": null, "IRRIGACAO_ORDINARIA": null, "IRRIGACAO_FLORACAO": null, "IRRIGACAO_FRUTIFICACAO": null, "DATA_IRRIGACAO_ORDINARIA": null, "DATA_IRRIGACAO_FLORACAO": null, "DATA_IRRIGACAO_FRUTIFICACAO": null, "INICIO_COLHEITA": null, "FIM_COLHEITA": null, "VOLUME_COLHIDO": null }, "geometry": { "type": "Point", "coordinates": [ -34.848166, -7.255216 ] } },
{ "type": "Feature", "properties": { "fid": 151, "ID": "C050", "Latitude": -7.254888, "Longitude": -34.848264, "NOME_POPULAR": "Cajueiro", "NOME_CIENTIFICO": null, "DATA_PLANTIO": null, "TIPO_PLANTIO": null, "ALTURA_TOTAL": null, "DIAMETRO_COPA": null, "DATA_PODA_FORMACAO_1": null, "DATA_PODA_FORMACAO_2": null, "DATA_PODA_FORMACAO_3": null, "DATA_PODA_REDUCAO": null, "DATA_PODA_FLORACAO": null, "DATA_ADUBACAO_ORDINARIA": null, "ADUBACAO_FRUTIFICACAO": null, "IRRIGACAO_ORDINARIA": null, "IRRIGACAO_FLORACAO": null, "IRRIGACAO_FRUTIFICACAO": null, "DATA_IRRIGACAO_ORDINARIA": null, "DATA_IRRIGACAO_FLORACAO": null, "DATA_IRRIGACAO_FRUTIFICACAO": null, "INICIO_COLHEITA": null, "FIM_COLHEITA": null, "VOLUME_COLHIDO": null }, "geometry": { "type": "Point", "coordinates": [ -34.848264, -7.254888 ] } },
{ "type": "Feature", "properties": { "fid": 152, "ID": "C051", "Latitude": -7.254975, "Longitude": -34.848282, "NOME_POPULAR": "Cajueiro", "NOME_CIENTIFICO": null, "DATA_PLANTIO": null, "TIPO_PLANTIO": null, "ALTURA_TOTAL": null, "DIAMETRO_COPA": null, "DATA_PODA_FORMACAO_1": null, "DATA_PODA_FORMACAO_2": null, "DATA_PODA_FORMACAO_3": null, "DATA_PODA_REDUCAO": null, "DATA_PODA_FLORACAO": null, "DATA_ADUBACAO_ORDINARIA": null, "ADUBACAO_FRUTIFICACAO": null, "IRRIGACAO_ORDINARIA": null, "IRRIGACAO_FLORACAO": null, "IRRIGACAO_FRUTIFICACAO": null, "DATA_IRRIGACAO_ORDINARIA": null, "DATA_IRRIGACAO_FLORACAO": null, "DATA_IRRIGACAO_FRUTIFICACAO": null, "INICIO_COLHEITA": null, "FIM_COLHEITA": null, "VOLUME_COLHIDO": null }, "geometry": { "type": "Point", "coordinates": [ -34.848282, -7.254975 ] } },
{ "type": "Feature", "properties": { "fid": 153, "ID": "C0510", "Latitude": -7.255411, "Longitude": -34.848361, "NOME_POPULAR": "Cajueiro", "NOME_CIENTIFICO": null, "DATA_PLANTIO": null, "TIPO_PLANTIO": null, "ALTURA_TOTAL": null, "DIAMETRO_COPA": null, "DATA_PODA_FORMACAO_1": null, "DATA_PODA_FORMACAO_2": null, "DATA_PODA_FORMACAO_3": null, "DATA_PODA_REDUCAO": null, "DATA_PODA_FLORACAO": null, "DATA_ADUBACAO_ORDINARIA": null, "ADUBACAO_FRUTIFICACAO": null, "IRRIGACAO_ORDINARIA": null, "IRRIGACAO_FLORACAO": null, "IRRIGACAO_FRUTIFICACAO": null, "DATA_IRRIGACAO_ORDINARIA": null, "DATA_IRRIGACAO_FLORACAO": null, "DATA_IRRIGACAO_FRUTIFICACAO": null, "INICIO_COLHEITA": null, "FIM_COLHEITA": null, "VOLUME_COLHIDO": null }, "geometry": { "type": "Point", "coordinates": [ -34.848361, -7.255411 ] } },
{ "type": "Feature", "properties": { "fid": 154, "ID": "C0511", "Latitude": -7.255435, "Longitude": -34.848425, "NOME_POPULAR": "Cajueiro", "NOME_CIENTIFICO": null, "DATA_PLANTIO": null, "TIPO_PLANTIO": null, "ALTURA_TOTAL": null, "DIAMETRO_COPA": null, "DATA_PODA_FORMACAO_1": null, "DATA_PODA_FORMACAO_2": null, "DATA_PODA_FORMACAO_3": null, "DATA_PODA_REDUCAO": null, "DATA_PODA_FLORACAO": null, "DATA_ADUBACAO_ORDINARIA": null, "ADUBACAO_FRUTIFICACAO": null, "IRRIGACAO_ORDINARIA": null, "IRRIGACAO_FLORACAO": null, "IRRIGACAO_FRUTIFICACAO": null, "DATA_IRRIGACAO_ORDINARIA": null, "DATA_IRRIGACAO_FLORACAO": null, "DATA_IRRIGACAO_FRUTIFICACAO": null, "INICIO_COLHEITA": null, "FIM_COLHEITA": null, "VOLUME_COLHIDO": null }, "geometry": { "type": "Point", "coordinates": [ -34.848425, -7.255435 ] } },
{ "type": "Feature", "properties": { "fid": 155, "ID": "C0512", "Latitude": -7.255456, "Longitude": -34.848372, "NOME_POPULAR": "Cajueiro", "NOME_CIENTIFICO": null, "DATA_PLANTIO": null, "TIPO_PLANTIO": null, "ALTURA_TOTAL": null, "DIAMETRO_COPA": null, "DATA_PODA_FORMACAO_1": null, "DATA_PODA_FORMACAO_2": null, "DATA_PODA_FORMACAO_3": null, "DATA_PODA_REDUCAO": null, "DATA_PODA_FLORACAO": null, "DATA_ADUBACAO_ORDINARIA": null, "ADUBACAO_FRUTIFICACAO": null, "IRRIGACAO_ORDINARIA": null, "IRRIGACAO_FLORACAO": null, "IRRIGACAO_FRUTIFICACAO": null, "DATA_IRRIGACAO_ORDINARIA": null, "DATA_IRRIGACAO_FLORACAO": null, "DATA_IRRIGACAO_FRUTIFICACAO": null, "INICIO_COLHEITA": null, "FIM_COLHEITA": null, "VOLUME_COLHIDO": null }, "geometry": { "type": "Point", "coordinates": [ -34.848372, -7.255456 ] } },
{ "type": "Feature", "properties": { "fid": 156, "ID": "C0513", "Latitude": -7.255493, "Longitude": -34.848388, "NOME_POPULAR": "Cajueiro", "NOME_CIENTIFICO": null, "DATA_PLANTIO": null, "TIPO_PLANTIO": null, "ALTURA_TOTAL": null, "DIAMETRO_COPA": null, "DATA_PODA_FORMACAO_1": null, "DATA_PODA_FORMACAO_2": null, "DATA_PODA_FORMACAO_3": null, "DATA_PODA_REDUCAO": null, "DATA_PODA_FLORACAO": null, "DATA_ADUBACAO_ORDINARIA": null, "ADUBACAO_FRUTIFICACAO": null, "IRRIGACAO_ORDINARIA": null, "IRRIGACAO_FLORACAO": null, "IRRIGACAO_FRUTIFICACAO": null, "DATA_IRRIGACAO_ORDINARIA": null, "DATA_IRRIGACAO_FLORACAO": null, "DATA_IRRIGACAO_FRUTIFICACAO": null, "INICIO_COLHEITA": null, "FIM_COLHEITA": null, "VOLUME_COLHIDO": null }, "geometry": { "type": "Point", "coordinates": [ -34.848388, -7.255493 ] } },
{ "type": "Feature", "properties": { "fid": 157, "ID": "C0514", "Latitude": -7.255489, "Longitude": -34.848446, "NOME_POPULAR": "Cajueiro", "NOME_CIENTIFICO": null, "DATA_PLANTIO": null, "TIPO_PLANTIO": null, "ALTURA_TOTAL": null, "DIAMETRO_COPA": null, "DATA_PODA_FORMACAO_1": null, "DATA_PODA_FORMACAO_2": null, "DATA_PODA_FORMACAO_3": null, "DATA_PODA_REDUCAO": null, "DATA_PODA_FLORACAO": null, "DATA_ADUBACAO_ORDINARIA": null, "ADUBACAO_FRUTIFICACAO": null, "IRRIGACAO_ORDINARIA": null, "IRRIGACAO_FLORACAO": null, "IRRIGACAO_FRUTIFICACAO": null, "DATA_IRRIGACAO_ORDINARIA": null, "DATA_IRRIGACAO_FLORACAO": null, "DATA_IRRIGACAO_FRUTIFICACAO": null, "INICIO_COLHEITA": null, "FIM_COLHEITA": null, "VOLUME_COLHIDO": null }, "geometry": { "type": "Point", "coordinates": [ -34.848446, -7.255489 ] } },
{ "type": "Feature", "properties": { "fid": 158, "ID": "C0515", "Latitude": -7.25553, "Longitude": -34.848452, "NOME_POPULAR": "Cajueiro", "NOME_CIENTIFICO": null, "DATA_PLANTIO": null, "TIPO_PLANTIO": null, "ALTURA_TOTAL": null, "DIAMETRO_COPA": null, "DATA_PODA_FORMACAO_1": null, "DATA_PODA_FORMACAO_2": null, "DATA_PODA_FORMACAO_3": null, "DATA_PODA_REDUCAO": null, "DATA_PODA_FLORACAO": null, "DATA_ADUBACAO_ORDINARIA": null, "ADUBACAO_FRUTIFICACAO": null, "IRRIGACAO_ORDINARIA": null, "IRRIGACAO_FLORACAO": null, "IRRIGACAO_FRUTIFICACAO": null, "DATA_IRRIGACAO_ORDINARIA": null, "DATA_IRRIGACAO_FLORACAO": null, "DATA_IRRIGACAO_FRUTIFICACAO": null, "INICIO_COLHEITA": null, "FIM_COLHEITA": null, "VOLUME_COLHIDO": null }, "geometry": { "type": "Point", "coordinates": [ -34.848452, -7.25553 ] } },
{ "type": "Feature", "properties": { "fid": 159, "ID": "C0516", "Latitude": -7.25555, "Longitude": -34.848431, "NOME_POPULAR": "Cajueiro", "NOME_CIENTIFICO": null, "DATA_PLANTIO": null, "TIPO_PLANTIO": null, "ALTURA_TOTAL": null, "DIAMETRO_COPA": null, "DATA_PODA_FORMACAO_1": null, "DATA_PODA_FORMACAO_2": null, "DATA_PODA_FORMACAO_3": null, "DATA_PODA_REDUCAO": null, "DATA_PODA_FLORACAO": null, "DATA_ADUBACAO_ORDINARIA": null, "ADUBACAO_FRUTIFICACAO": null, "IRRIGACAO_ORDINARIA": null, "IRRIGACAO_FLORACAO": null, "IRRIGACAO_FRUTIFICACAO": null, "DATA_IRRIGACAO_ORDINARIA": null, "DATA_IRRIGACAO_FLORACAO": null, "DATA_IRRIGACAO_FRUTIFICACAO": null, "INICIO_COLHEITA": null, "FIM_COLHEITA": null, "VOLUME_COLHIDO": null }, "geometry": { "type": "Point", "coordinates": [ -34.848431, -7.25555 ] } },
{ "type": "Feature", "properties": { "fid": 160, "ID": "C0517", "Latitude": -7.255607, "Longitude": -34.848478, "NOME_POPULAR": "Cajueiro", "NOME_CIENTIFICO": null, "DATA_PLANTIO": null, "TIPO_PLANTIO": null, "ALTURA_TOTAL": null, "DIAMETRO_COPA": null, "DATA_PODA_FORMACAO_1": null, "DATA_PODA_FORMACAO_2": null, "DATA_PODA_FORMACAO_3": null, "DATA_PODA_REDUCAO": null, "DATA_PODA_FLORACAO": null, "DATA_ADUBACAO_ORDINARIA": null, "ADUBACAO_FRUTIFICACAO": null, "IRRIGACAO_ORDINARIA": null, "IRRIGACAO_FLORACAO": null, "IRRIGACAO_FRUTIFICACAO": null, "DATA_IRRIGACAO_ORDINARIA": null, "DATA_IRRIGACAO_FLORACAO": null, "DATA_IRRIGACAO_FRUTIFICACAO": null, "INICIO_COLHEITA": null, "FIM_COLHEITA": null, "VOLUME_COLHIDO": null }, "geometry": { "type": "Point", "coordinates": [ -34.848478, -7.255607 ] } },
{ "type": "Feature", "properties": { "fid": 161, "ID": "C052", "Latitude": -7.255091, "Longitude": -34.84832, "NOME_POPULAR": "Cajueiro", "NOME_CIENTIFICO": null, "DATA_PLANTIO": null, "TIPO_PLANTIO": null, "ALTURA_TOTAL": null, "DIAMETRO_COPA": null, "DATA_PODA_FORMACAO_1": null, "DATA_PODA_FORMACAO_2": null, "DATA_PODA_FORMACAO_3": null, "DATA_PODA_REDUCAO": null, "DATA_PODA_FLORACAO": null, "DATA_ADUBACAO_ORDINARIA": null, "ADUBACAO_FRUTIFICACAO": null, "IRRIGACAO_ORDINARIA": null, "IRRIGACAO_FLORACAO": null, "IRRIGACAO_FRUTIFICACAO": null, "DATA_IRRIGACAO_ORDINARIA": null, "DATA_IRRIGACAO_FLORACAO": null, "DATA_IRRIGACAO_FRUTIFICACAO": null, "INICIO_COLHEITA": null, "FIM_COLHEITA": null, "VOLUME_COLHIDO": null }, "geometry": { "type": "Point", "coordinates": [ -34.84832, -7.255091 ] } },
{ "type": "Feature", "properties": { "fid": 162, "ID": "C053", "Latitude": -7.255126, "Longitude": -34.848341, "NOME_POPULAR": "Cajueiro", "NOME_CIENTIFICO": null, "DATA_PLANTIO": null, "TIPO_PLANTIO": null, "ALTURA_TOTAL": null, "DIAMETRO_COPA": null, "DATA_PODA_FORMACAO_1": null, "DATA_PODA_FORMACAO_2": null, "DATA_PODA_FORMACAO_3": null, "DATA_PODA_REDUCAO": null, "DATA_PODA_FLORACAO": null, "DATA_ADUBACAO_ORDINARIA": null, "ADUBACAO_FRUTIFICACAO": null, "IRRIGACAO_ORDINARIA": null, "IRRIGACAO_FLORACAO": null, "IRRIGACAO_FRUTIFICACAO": null, "DATA_IRRIGACAO_ORDINARIA": null, "DATA_IRRIGACAO_FLORACAO": null, "DATA_IRRIGACAO_FRUTIFICACAO": null, "INICIO_COLHEITA": null, "FIM_COLHEITA": null, "VOLUME_COLHIDO": null }, "geometry": { "type": "Point", "coordinates": [ -34.848341, -7.255126 ] } },
{ "type": "Feature", "properties": { "fid": 163, "ID": "C054", "Latitude": -7.255189, "Longitude": -34.848353, "NOME_POPULAR": "Cajueiro", "NOME_CIENTIFICO": null, "DATA_PLANTIO": null, "TIPO_PLANTIO": null, "ALTURA_TOTAL": null, "DIAMETRO_COPA": null, "DATA_PODA_FORMACAO_1": null, "DATA_PODA_FORMACAO_2": null, "DATA_PODA_FORMACAO_3": null, "DATA_PODA_REDUCAO": null, "DATA_PODA_FLORACAO": null, "DATA_ADUBACAO_ORDINARIA": null, "ADUBACAO_FRUTIFICACAO": null, "IRRIGACAO_ORDINARIA": null, "IRRIGACAO_FLORACAO": null, "IRRIGACAO_FRUTIFICACAO": null, "DATA_IRRIGACAO_ORDINARIA": null, "DATA_IRRIGACAO_FLORACAO": null, "DATA_IRRIGACAO_FRUTIFICACAO": null, "INICIO_COLHEITA": null, "FIM_COLHEITA": null, "VOLUME_COLHIDO": null }, "geometry": { "type": "Point", "coordinates": [ -34.848353, -7.255189 ] } },
{ "type": "Feature", "properties": { "fid": 164, "ID": "C056", "Latitude": -7.255268, "Longitude": -34.848362, "NOME_POPULAR": "Cajueiro", "NOME_CIENTIFICO": null, "DATA_PLANTIO": null, "TIPO_PLANTIO": null, "ALTURA_TOTAL": null, "DIAMETRO_COPA": null, "DATA_PODA_FORMACAO_1": null, "DATA_PODA_FORMACAO_2": null, "DATA_PODA_FORMACAO_3": null, "DATA_PODA_REDUCAO": null, "DATA_PODA_FLORACAO": null, "DATA_ADUBACAO_ORDINARIA": null, "ADUBACAO_FRUTIFICACAO": null, "IRRIGACAO_ORDINARIA": null, "IRRIGACAO_FLORACAO": null, "IRRIGACAO_FRUTIFICACAO": null, "DATA_IRRIGACAO_ORDINARIA": null, "DATA_IRRIGACAO_FLORACAO": null, "DATA_IRRIGACAO_FRUTIFICACAO": null, "INICIO_COLHEITA": null, "FIM_COLHEITA": null, "VOLUME_COLHIDO": null }, "geometry": { "type": "Point", "coordinates": [ -34.848362, -7.255268 ] } },
{ "type": "Feature", "properties": { "fid": 165, "ID": "C057", "Latitude": -7.255315, "Longitude": -34.84837, "NOME_POPULAR": "Cajueiro", "NOME_CIENTIFICO": null, "DATA_PLANTIO": null, "TIPO_PLANTIO": null, "ALTURA_TOTAL": null, "DIAMETRO_COPA": null, "DATA_PODA_FORMACAO_1": null, "DATA_PODA_FORMACAO_2": null, "DATA_PODA_FORMACAO_3": null, "DATA_PODA_REDUCAO": null, "DATA_PODA_FLORACAO": null, "DATA_ADUBACAO_ORDINARIA": null, "ADUBACAO_FRUTIFICACAO": null, "IRRIGACAO_ORDINARIA": null, "IRRIGACAO_FLORACAO": null, "IRRIGACAO_FRUTIFICACAO": null, "DATA_IRRIGACAO_ORDINARIA": null, "DATA_IRRIGACAO_FLORACAO": null, "DATA_IRRIGACAO_FRUTIFICACAO": null, "INICIO_COLHEITA": null, "FIM_COLHEITA": null, "VOLUME_COLHIDO": null }, "geometry": { "type": "Point", "coordinates": [ -34.84837, -7.255315 ] } },
{ "type": "Feature", "properties": { "fid": 166, "ID": "C058", "Latitude": -7.255316, "Longitude": -34.848315, "NOME_POPULAR": "Cajueiro", "NOME_CIENTIFICO": null, "DATA_PLANTIO": null, "TIPO_PLANTIO": null, "ALTURA_TOTAL": null, "DIAMETRO_COPA": null, "DATA_PODA_FORMACAO_1": null, "DATA_PODA_FORMACAO_2": null, "DATA_PODA_FORMACAO_3": null, "DATA_PODA_REDUCAO": null, "DATA_PODA_FLORACAO": null, "DATA_ADUBACAO_ORDINARIA": null, "ADUBACAO_FRUTIFICACAO": null, "IRRIGACAO_ORDINARIA": null, "IRRIGACAO_FLORACAO": null, "IRRIGACAO_FRUTIFICACAO": null, "DATA_IRRIGACAO_ORDINARIA": null, "DATA_IRRIGACAO_FLORACAO": null, "DATA_IRRIGACAO_FRUTIFICACAO": null, "INICIO_COLHEITA": null, "FIM_COLHEITA": null, "VOLUME_COLHIDO": null }, "geometry": { "type": "Point", "coordinates": [ -34.848315, -7.255316 ] } },
{ "type": "Feature", "properties": { "fid": 167, "ID": "C06", "Latitude": -7.255224, "Longitude": -34.848129, "NOME_POPULAR": "Cajueiro", "NOME_CIENTIFICO": null, "DATA_PLANTIO": null, "TIPO_PLANTIO": null, "ALTURA_TOTAL": null, "DIAMETRO_COPA": null, "DATA_PODA_FORMACAO_1": null, "DATA_PODA_FORMACAO_2": null, "DATA_PODA_FORMACAO_3": null, "DATA_PODA_REDUCAO": null, "DATA_PODA_FLORACAO": null, "DATA_ADUBACAO_ORDINARIA": null, "ADUBACAO_FRUTIFICACAO": null, "IRRIGACAO_ORDINARIA": null, "IRRIGACAO_FLORACAO": null, "IRRIGACAO_FRUTIFICACAO": null, "DATA_IRRIGACAO_ORDINARIA": null, "DATA_IRRIGACAO_FLORACAO": null, "DATA_IRRIGACAO_FRUTIFICACAO": null, "INICIO_COLHEITA": null, "FIM_COLHEITA": null, "VOLUME_COLHIDO": null }, "geometry": { "type": "Point", "coordinates": [ -34.848129, -7.255224 ] } },
{ "type": "Feature", "properties": { "fid": 168, "ID": "C060", "Latitude": -7.255554, "Longitude": -34.848524, "NOME_POPULAR": "Cajueiro", "NOME_CIENTIFICO": null, "DATA_PLANTIO": null, "TIPO_PLANTIO": null, "ALTURA_TOTAL": null, "DIAMETRO_COPA": null, "DATA_PODA_FORMACAO_1": null, "DATA_PODA_FORMACAO_2": null, "DATA_PODA_FORMACAO_3": null, "DATA_PODA_REDUCAO": null, "DATA_PODA_FLORACAO": null, "DATA_ADUBACAO_ORDINARIA": null, "ADUBACAO_FRUTIFICACAO": null, "IRRIGACAO_ORDINARIA": null, "IRRIGACAO_FLORACAO": null, "IRRIGACAO_FRUTIFICACAO": null, "DATA_IRRIGACAO_ORDINARIA": null, "DATA_IRRIGACAO_FLORACAO": null, "DATA_IRRIGACAO_FRUTIFICACAO": null, "INICIO_COLHEITA": null, "FIM_COLHEITA": null, "VOLUME_COLHIDO": null }, "geometry": { "type": "Point", "coordinates": [ -34.848524, -7.255554 ] } },
{ "type": "Feature", "properties": { "fid": 169, "ID": "C061", "Latitude": -7.255472, "Longitude": -34.848507, "NOME_POPULAR": "Cajueiro", "NOME_CIENTIFICO": null, "DATA_PLANTIO": null, "TIPO_PLANTIO": null, "ALTURA_TOTAL": null, "DIAMETRO_COPA": null, "DATA_PODA_FORMACAO_1": null, "DATA_PODA_FORMACAO_2": null, "DATA_PODA_FORMACAO_3": null, "DATA_PODA_REDUCAO": null, "DATA_PODA_FLORACAO": null, "DATA_ADUBACAO_ORDINARIA": null, "ADUBACAO_FRUTIFICACAO": null, "IRRIGACAO_ORDINARIA": null, "IRRIGACAO_FLORACAO": null, "IRRIGACAO_FRUTIFICACAO": null, "DATA_IRRIGACAO_ORDINARIA": null, "DATA_IRRIGACAO_FLORACAO": null, "DATA_IRRIGACAO_FRUTIFICACAO": null, "INICIO_COLHEITA": null, "FIM_COLHEITA": null, "VOLUME_COLHIDO": null }, "geometry": { "type": "Point", "coordinates": [ -34.848507, -7.255472 ] } },
{ "type": "Feature", "properties": { "fid": 170, "ID": "C0610", "Latitude": -7.254948, "Longitude": -34.848323, "NOME_POPULAR": "Cajueiro", "NOME_CIENTIFICO": null, "DATA_PLANTIO": null, "TIPO_PLANTIO": null, "ALTURA_TOTAL": null, "DIAMETRO_COPA": null, "DATA_PODA_FORMACAO_1": null, "DATA_PODA_FORMACAO_2": null, "DATA_PODA_FORMACAO_3": null, "DATA_PODA_REDUCAO": null, "DATA_PODA_FLORACAO": null, "DATA_ADUBACAO_ORDINARIA": null, "ADUBACAO_FRUTIFICACAO": null, "IRRIGACAO_ORDINARIA": null, "IRRIGACAO_FLORACAO": null, "IRRIGACAO_FRUTIFICACAO": null, "DATA_IRRIGACAO_ORDINARIA": null, "DATA_IRRIGACAO_FLORACAO": null, "DATA_IRRIGACAO_FRUTIFICACAO": null, "INICIO_COLHEITA": null, "FIM_COLHEITA": null, "VOLUME_COLHIDO": null }, "geometry": { "type": "Point", "coordinates": [ -34.848323, -7.254948 ] } },
{ "type": "Feature", "properties": { "fid": 171, "ID": "C062", "Latitude": -7.255415, "Longitude": -34.848498, "NOME_POPULAR": "Cajueiro", "NOME_CIENTIFICO": null, "DATA_PLANTIO": null, "TIPO_PLANTIO": null, "ALTURA_TOTAL": null, "DIAMETRO_COPA": null, "DATA_PODA_FORMACAO_1": null, "DATA_PODA_FORMACAO_2": null, "DATA_PODA_FORMACAO_3": null, "DATA_PODA_REDUCAO": null, "DATA_PODA_FLORACAO": null, "DATA_ADUBACAO_ORDINARIA": null, "ADUBACAO_FRUTIFICACAO": null, "IRRIGACAO_ORDINARIA": null, "IRRIGACAO_FLORACAO": null, "IRRIGACAO_FRUTIFICACAO": null, "DATA_IRRIGACAO_ORDINARIA": null, "DATA_IRRIGACAO_FLORACAO": null, "DATA_IRRIGACAO_FRUTIFICACAO": null, "INICIO_COLHEITA": null, "FIM_COLHEITA": null, "VOLUME_COLHIDO": null }, "geometry": { "type": "Point", "coordinates": [ -34.848498, -7.255415 ] } },
{ "type": "Feature", "properties": { "fid": 172, "ID": "C063", "Latitude": -7.255355, "Longitude": -34.848486, "NOME_POPULAR": "Cajueiro", "NOME_CIENTIFICO": null, "DATA_PLANTIO": null, "TIPO_PLANTIO": null, "ALTURA_TOTAL": null, "DIAMETRO_COPA": null, "DATA_PODA_FORMACAO_1": null, "DATA_PODA_FORMACAO_2": null, "DATA_PODA_FORMACAO_3": null, "DATA_PODA_REDUCAO": null, "DATA_PODA_FLORACAO": null, "DATA_ADUBACAO_ORDINARIA": null, "ADUBACAO_FRUTIFICACAO": null, "IRRIGACAO_ORDINARIA": null, "IRRIGACAO_FLORACAO": null, "IRRIGACAO_FRUTIFICACAO": null, "DATA_IRRIGACAO_ORDINARIA": null, "DATA_IRRIGACAO_FLORACAO": null, "DATA_IRRIGACAO_FRUTIFICACAO": null, "INICIO_COLHEITA": null, "FIM_COLHEITA": null, "VOLUME_COLHIDO": null }, "geometry": { "type": "Point", "coordinates": [ -34.848486, -7.255355 ] } },
{ "type": "Feature", "properties": { "fid": 173, "ID": "C064", "Latitude": -7.255307, "Longitude": -34.848445, "NOME_POPULAR": "Cajueiro", "NOME_CIENTIFICO": null, "DATA_PLANTIO": null, "TIPO_PLANTIO": null, "ALTURA_TOTAL": null, "DIAMETRO_COPA": null, "DATA_PODA_FORMACAO_1": null, "DATA_PODA_FORMACAO_2": null, "DATA_PODA_FORMACAO_3": null, "DATA_PODA_REDUCAO": null, "DATA_PODA_FLORACAO": null, "DATA_ADUBACAO_ORDINARIA": null, "ADUBACAO_FRUTIFICACAO": null, "IRRIGACAO_ORDINARIA": null, "IRRIGACAO_FLORACAO": null, "IRRIGACAO_FRUTIFICACAO": null, "DATA_IRRIGACAO_ORDINARIA": null, "DATA_IRRIGACAO_FLORACAO": null, "DATA_IRRIGACAO_FRUTIFICACAO": null, "INICIO_COLHEITA": null, "FIM_COLHEITA": null, "VOLUME_COLHIDO": null }, "geometry": { "type": "Point", "coordinates": [ -34.848445, -7.255307 ] } },
{ "type": "Feature", "properties": { "fid": 174, "ID": "C065", "Latitude": -7.25519, "Longitude": -34.848407, "NOME_POPULAR": "Cajueiro", "NOME_CIENTIFICO": null, "DATA_PLANTIO": null, "TIPO_PLANTIO": null, "ALTURA_TOTAL": null, "DIAMETRO_COPA": null, "DATA_PODA_FORMACAO_1": null, "DATA_PODA_FORMACAO_2": null, "DATA_PODA_FORMACAO_3": null, "DATA_PODA_REDUCAO": null, "DATA_PODA_FLORACAO": null, "DATA_ADUBACAO_ORDINARIA": null, "ADUBACAO_FRUTIFICACAO": null, "IRRIGACAO_ORDINARIA": null, "IRRIGACAO_FLORACAO": null, "IRRIGACAO_FRUTIFICACAO": null, "DATA_IRRIGACAO_ORDINARIA": null, "DATA_IRRIGACAO_FLORACAO": null, "DATA_IRRIGACAO_FRUTIFICACAO": null, "INICIO_COLHEITA": null, "FIM_COLHEITA": null, "VOLUME_COLHIDO": null }, "geometry": { "type": "Point", "coordinates": [ -34.848407, -7.25519 ] } },
{ "type": "Feature", "properties": { "fid": 175, "ID": "C066", "Latitude": -7.255163, "Longitude": -34.848388, "NOME_POPULAR": "Cajueiro", "NOME_CIENTIFICO": null, "DATA_PLANTIO": null, "TIPO_PLANTIO": null, "ALTURA_TOTAL": null, "DIAMETRO_COPA": null, "DATA_PODA_FORMACAO_1": null, "DATA_PODA_FORMACAO_2": null, "DATA_PODA_FORMACAO_3": null, "DATA_PODA_REDUCAO": null, "DATA_PODA_FLORACAO": null, "DATA_ADUBACAO_ORDINARIA": null, "ADUBACAO_FRUTIFICACAO": null, "IRRIGACAO_ORDINARIA": null, "IRRIGACAO_FLORACAO": null, "IRRIGACAO_FRUTIFICACAO": null, "DATA_IRRIGACAO_ORDINARIA": null, "DATA_IRRIGACAO_FLORACAO": null, "DATA_IRRIGACAO_FRUTIFICACAO": null, "INICIO_COLHEITA": null, "FIM_COLHEITA": null, "VOLUME_COLHIDO": null }, "geometry": { "type": "Point", "coordinates": [ -34.848388, -7.255163 ] } },
{ "type": "Feature", "properties": { "fid": 176, "ID": "C067", "Latitude": -7.255117, "Longitude": -34.84837, "NOME_POPULAR": "Cajueiro", "NOME_CIENTIFICO": null, "DATA_PLANTIO": null, "TIPO_PLANTIO": null, "ALTURA_TOTAL": null, "DIAMETRO_COPA": null, "DATA_PODA_FORMACAO_1": null, "DATA_PODA_FORMACAO_2": null, "DATA_PODA_FORMACAO_3": null, "DATA_PODA_REDUCAO": null, "DATA_PODA_FLORACAO": null, "DATA_ADUBACAO_ORDINARIA": null, "ADUBACAO_FRUTIFICACAO": null, "IRRIGACAO_ORDINARIA": null, "IRRIGACAO_FLORACAO": null, "IRRIGACAO_FRUTIFICACAO": null, "DATA_IRRIGACAO_ORDINARIA": null, "DATA_IRRIGACAO_FLORACAO": null, "DATA_IRRIGACAO_FRUTIFICACAO": null, "INICIO_COLHEITA": null, "FIM_COLHEITA": null, "VOLUME_COLHIDO": null }, "geometry": { "type": "Point", "coordinates": [ -34.84837, -7.255117 ] } },
{ "type": "Feature", "properties": { "fid": 177, "ID": "C068", "Latitude": -7.255034, "Longitude": -34.848348, "NOME_POPULAR": "Cajueiro", "NOME_CIENTIFICO": null, "DATA_PLANTIO": null, "TIPO_PLANTIO": null, "ALTURA_TOTAL": null, "DIAMETRO_COPA": null, "DATA_PODA_FORMACAO_1": null, "DATA_PODA_FORMACAO_2": null, "DATA_PODA_FORMACAO_3": null, "DATA_PODA_REDUCAO": null, "DATA_PODA_FLORACAO": null, "DATA_ADUBACAO_ORDINARIA": null, "ADUBACAO_FRUTIFICACAO": null, "IRRIGACAO_ORDINARIA": null, "IRRIGACAO_FLORACAO": null, "IRRIGACAO_FRUTIFICACAO": null, "DATA_IRRIGACAO_ORDINARIA": null, "DATA_IRRIGACAO_FLORACAO": null, "DATA_IRRIGACAO_FRUTIFICACAO": null, "INICIO_COLHEITA": null, "FIM_COLHEITA": null, "VOLUME_COLHIDO": null }, "geometry": { "type": "Point", "coordinates": [ -34.848348, -7.255034 ] } },
{ "type": "Feature", "properties": { "fid": 178, "ID": "C069", "Latitude": -7.254991, "Longitude": -34.848334, "NOME_POPULAR": "Cajueiro", "NOME_CIENTIFICO": null, "DATA_PLANTIO": null, "TIPO_PLANTIO": null, "ALTURA_TOTAL": null, "DIAMETRO_COPA": null, "DATA_PODA_FORMACAO_1": null, "DATA_PODA_FORMACAO_2": null, "DATA_PODA_FORMACAO_3": null, "DATA_PODA_REDUCAO": null, "DATA_PODA_FLORACAO": null, "DATA_ADUBACAO_ORDINARIA": null, "ADUBACAO_FRUTIFICACAO": null, "IRRIGACAO_ORDINARIA": null, "IRRIGACAO_FLORACAO": null, "IRRIGACAO_FRUTIFICACAO": null, "DATA_IRRIGACAO_ORDINARIA": null, "DATA_IRRIGACAO_FLORACAO": null, "DATA_IRRIGACAO_FRUTIFICACAO": null, "INICIO_COLHEITA": null, "FIM_COLHEITA": null, "VOLUME_COLHIDO": null }, "geometry": { "type": "Point", "coordinates": [ -34.848334, -7.254991 ] } },
{ "type": "Feature", "properties": { "fid": 179, "ID": "C07", "Latitude": -7.25526, "Longitude": -34.848112, "NOME_POPULAR": "Cajueiro", "NOME_CIENTIFICO": null, "DATA_PLANTIO": null, "TIPO_PLANTIO": null, "ALTURA_TOTAL": null, "DIAMETRO_COPA": null, "DATA_PODA_FORMACAO_1": null, "DATA_PODA_FORMACAO_2": null, "DATA_PODA_FORMACAO_3": null, "DATA_PODA_REDUCAO": null, "DATA_PODA_FLORACAO": null, "DATA_ADUBACAO_ORDINARIA": null, "ADUBACAO_FRUTIFICACAO": null, "IRRIGACAO_ORDINARIA": null, "IRRIGACAO_FLORACAO": null, "IRRIGACAO_FRUTIFICACAO": null, "DATA_IRRIGACAO_ORDINARIA": null, "DATA_IRRIGACAO_FLORACAO": null, "DATA_IRRIGACAO_FRUTIFICACAO": null, "INICIO_COLHEITA": null, "FIM_COLHEITA": null, "VOLUME_COLHIDO": null }, "geometry": { "type": "Point", "coordinates": [ -34.848112, -7.25526 ] } },
{ "type": "Feature", "properties": { "fid": 180, "ID": "C070", "Latitude": -7.254873, "Longitude": -34.848381, "NOME_POPULAR": "Cajueiro", "NOME_CIENTIFICO": null, "DATA_PLANTIO": null, "TIPO_PLANTIO": null, "ALTURA_TOTAL": null, "DIAMETRO_COPA": null, "DATA_PODA_FORMACAO_1": null, "DATA_PODA_FORMACAO_2": null, "DATA_PODA_FORMACAO_3": null, "DATA_PODA_REDUCAO": null, "DATA_PODA_FLORACAO": null, "DATA_ADUBACAO_ORDINARIA": null, "ADUBACAO_FRUTIFICACAO": null, "IRRIGACAO_ORDINARIA": null, "IRRIGACAO_FLORACAO": null, "IRRIGACAO_FRUTIFICACAO": null, "DATA_IRRIGACAO_ORDINARIA": null, "DATA_IRRIGACAO_FLORACAO": null, "DATA_IRRIGACAO_FRUTIFICACAO": null, "INICIO_COLHEITA": null, "FIM_COLHEITA": null, "VOLUME_COLHIDO": null }, "geometry": { "type": "Point", "coordinates": [ -34.848381, -7.254873 ] } },
{ "type": "Feature", "properties": { "fid": 181, "ID": "C071", "Latitude": -7.254911, "Longitude": -34.848386, "NOME_POPULAR": "Cajueiro", "NOME_CIENTIFICO": null, "DATA_PLANTIO": null, "TIPO_PLANTIO": null, "ALTURA_TOTAL": null, "DIAMETRO_COPA": null, "DATA_PODA_FORMACAO_1": null, "DATA_PODA_FORMACAO_2": null, "DATA_PODA_FORMACAO_3": null, "DATA_PODA_REDUCAO": null, "DATA_PODA_FLORACAO": null, "DATA_ADUBACAO_ORDINARIA": null, "ADUBACAO_FRUTIFICACAO": null, "IRRIGACAO_ORDINARIA": null, "IRRIGACAO_FLORACAO": null, "IRRIGACAO_FRUTIFICACAO": null, "DATA_IRRIGACAO_ORDINARIA": null, "DATA_IRRIGACAO_FLORACAO": null, "DATA_IRRIGACAO_FRUTIFICACAO": null, "INICIO_COLHEITA": null, "FIM_COLHEITA": null, "VOLUME_COLHIDO": null }, "geometry": { "type": "Point", "coordinates": [ -34.848386, -7.254911 ] } },
{ "type": "Feature", "properties": { "fid": 182, "ID": "C0710", "Latitude": -7.255568, "Longitude": -34.848613, "NOME_POPULAR": "Cajueiro", "NOME_CIENTIFICO": null, "DATA_PLANTIO": null, "TIPO_PLANTIO": null, "ALTURA_TOTAL": null, "DIAMETRO_COPA": null, "DATA_PODA_FORMACAO_1": null, "DATA_PODA_FORMACAO_2": null, "DATA_PODA_FORMACAO_3": null, "DATA_PODA_REDUCAO": null, "DATA_PODA_FLORACAO": null, "DATA_ADUBACAO_ORDINARIA": null, "ADUBACAO_FRUTIFICACAO": null, "IRRIGACAO_ORDINARIA": null, "IRRIGACAO_FLORACAO": null, "IRRIGACAO_FRUTIFICACAO": null, "DATA_IRRIGACAO_ORDINARIA": null, "DATA_IRRIGACAO_FLORACAO": null, "DATA_IRRIGACAO_FRUTIFICACAO": null, "INICIO_COLHEITA": null, "FIM_COLHEITA": null, "VOLUME_COLHIDO": null }, "geometry": { "type": "Point", "coordinates": [ -34.848613, -7.255568 ] } },
{ "type": "Feature", "properties": { "fid": 183, "ID": "C072", "Latitude": -7.254977, "Longitude": -34.848402, "NOME_POPULAR": "Cajueiro", "NOME_CIENTIFICO": null, "DATA_PLANTIO": null, "TIPO_PLANTIO": null, "ALTURA_TOTAL": null, "DIAMETRO_COPA": null, "DATA_PODA_FORMACAO_1": null, "DATA_PODA_FORMACAO_2": null, "DATA_PODA_FORMACAO_3": null, "DATA_PODA_REDUCAO": null, "DATA_PODA_FLORACAO": null, "DATA_ADUBACAO_ORDINARIA": null, "ADUBACAO_FRUTIFICACAO": null, "IRRIGACAO_ORDINARIA": null, "IRRIGACAO_FLORACAO": null, "IRRIGACAO_FRUTIFICACAO": null, "DATA_IRRIGACAO_ORDINARIA": null, "DATA_IRRIGACAO_FLORACAO": null, "DATA_IRRIGACAO_FRUTIFICACAO": null, "INICIO_COLHEITA": null, "FIM_COLHEITA": null, "VOLUME_COLHIDO": null }, "geometry": { "type": "Point", "coordinates": [ -34.848402, -7.254977 ] } },
{ "type": "Feature", "properties": { "fid": 184, "ID": "C073", "Latitude": -7.255087, "Longitude": -34.848439, "NOME_POPULAR": "Cajueiro", "NOME_CIENTIFICO": null, "DATA_PLANTIO": null, "TIPO_PLANTIO": null, "ALTURA_TOTAL": null, "DIAMETRO_COPA": null, "DATA_PODA_FORMACAO_1": null, "DATA_PODA_FORMACAO_2": null, "DATA_PODA_FORMACAO_3": null, "DATA_PODA_REDUCAO": null, "DATA_PODA_FLORACAO": null, "DATA_ADUBACAO_ORDINARIA": null, "ADUBACAO_FRUTIFICACAO": null, "IRRIGACAO_ORDINARIA": null, "IRRIGACAO_FLORACAO": null, "IRRIGACAO_FRUTIFICACAO": null, "DATA_IRRIGACAO_ORDINARIA": null, "DATA_IRRIGACAO_FLORACAO": null, "DATA_IRRIGACAO_FRUTIFICACAO": null, "INICIO_COLHEITA": null, "FIM_COLHEITA": null, "VOLUME_COLHIDO": null }, "geometry": { "type": "Point", "coordinates": [ -34.848439, -7.255087 ] } },
{ "type": "Feature", "properties": { "fid": 185, "ID": "C074", "Latitude": -7.255155, "Longitude": -34.848469, "NOME_POPULAR": "Cajueiro", "NOME_CIENTIFICO": null, "DATA_PLANTIO": null, "TIPO_PLANTIO": null, "ALTURA_TOTAL": null, "DIAMETRO_COPA": null, "DATA_PODA_FORMACAO_1": null, "DATA_PODA_FORMACAO_2": null, "DATA_PODA_FORMACAO_3": null, "DATA_PODA_REDUCAO": null, "DATA_PODA_FLORACAO": null, "DATA_ADUBACAO_ORDINARIA": null, "ADUBACAO_FRUTIFICACAO": null, "IRRIGACAO_ORDINARIA": null, "IRRIGACAO_FLORACAO": null, "IRRIGACAO_FRUTIFICACAO": null, "DATA_IRRIGACAO_ORDINARIA": null, "DATA_IRRIGACAO_FLORACAO": null, "DATA_IRRIGACAO_FRUTIFICACAO": null, "INICIO_COLHEITA": null, "FIM_COLHEITA": null, "VOLUME_COLHIDO": null }, "geometry": { "type": "Point", "coordinates": [ -34.848469, -7.255155 ] } },
{ "type": "Feature", "properties": { "fid": 186, "ID": "C075", "Latitude": -7.255226, "Longitude": -34.848478, "NOME_POPULAR": "Cajueiro", "NOME_CIENTIFICO": null, "DATA_PLANTIO": null, "TIPO_PLANTIO": null, "ALTURA_TOTAL": null, "DIAMETRO_COPA": null, "DATA_PODA_FORMACAO_1": null, "DATA_PODA_FORMACAO_2": null, "DATA_PODA_FORMACAO_3": null, "DATA_PODA_REDUCAO": null, "DATA_PODA_FLORACAO": null, "DATA_ADUBACAO_ORDINARIA": null, "ADUBACAO_FRUTIFICACAO": null, "IRRIGACAO_ORDINARIA": null, "IRRIGACAO_FLORACAO": null, "IRRIGACAO_FRUTIFICACAO": null, "DATA_IRRIGACAO_ORDINARIA": null, "DATA_IRRIGACAO_FLORACAO": null, "DATA_IRRIGACAO_FRUTIFICACAO": null, "INICIO_COLHEITA": null, "FIM_COLHEITA": null, "VOLUME_COLHIDO": null }, "geometry": { "type": "Point", "coordinates": [ -34.848478, -7.255226 ] } },
{ "type": "Feature", "properties": { "fid": 187, "ID": "C076", "Latitude": -7.255278, "Longitude": -34.848502, "NOME_POPULAR": "Cajueiro", "NOME_CIENTIFICO": null, "DATA_PLANTIO": null, "TIPO_PLANTIO": null, "ALTURA_TOTAL": null, "DIAMETRO_COPA": null, "DATA_PODA_FORMACAO_1": null, "DATA_PODA_FORMACAO_2": null, "DATA_PODA_FORMACAO_3": null, "DATA_PODA_REDUCAO": null, "DATA_PODA_FLORACAO": null, "DATA_ADUBACAO_ORDINARIA": null, "ADUBACAO_FRUTIFICACAO": null, "IRRIGACAO_ORDINARIA": null, "IRRIGACAO_FLORACAO": null, "IRRIGACAO_FRUTIFICACAO": null, "DATA_IRRIGACAO_ORDINARIA": null, "DATA_IRRIGACAO_FLORACAO": null, "DATA_IRRIGACAO_FRUTIFICACAO": null, "INICIO_COLHEITA": null, "FIM_COLHEITA": null, "VOLUME_COLHIDO": null }, "geometry": { "type": "Point", "coordinates": [ -34.848502, -7.255278 ] } },
{ "type": "Feature", "properties": { "fid": 188, "ID": "C077", "Latitude": -7.255329, "Longitude": -34.848528, "NOME_POPULAR": "Cajueiro", "NOME_CIENTIFICO": null, "DATA_PLANTIO": null, "TIPO_PLANTIO": null, "ALTURA_TOTAL": null, "DIAMETRO_COPA": null, "DATA_PODA_FORMACAO_1": null, "DATA_PODA_FORMACAO_2": null, "DATA_PODA_FORMACAO_3": null, "DATA_PODA_REDUCAO": null, "DATA_PODA_FLORACAO": null, "DATA_ADUBACAO_ORDINARIA": null, "ADUBACAO_FRUTIFICACAO": null, "IRRIGACAO_ORDINARIA": null, "IRRIGACAO_FLORACAO": null, "IRRIGACAO_FRUTIFICACAO": null, "DATA_IRRIGACAO_ORDINARIA": null, "DATA_IRRIGACAO_FLORACAO": null, "DATA_IRRIGACAO_FRUTIFICACAO": null, "INICIO_COLHEITA": null, "FIM_COLHEITA": null, "VOLUME_COLHIDO": null }, "geometry": { "type": "Point", "coordinates": [ -34.848528, -7.255329 ] } },
{ "type": "Feature", "properties": { "fid": 189, "ID": "C078", "Latitude": -7.255392, "Longitude": -34.848539, "NOME_POPULAR": "Cajueiro", "NOME_CIENTIFICO": null, "DATA_PLANTIO": null, "TIPO_PLANTIO": null, "ALTURA_TOTAL": null, "DIAMETRO_COPA": null, "DATA_PODA_FORMACAO_1": null, "DATA_PODA_FORMACAO_2": null, "DATA_PODA_FORMACAO_3": null, "DATA_PODA_REDUCAO": null, "DATA_PODA_FLORACAO": null, "DATA_ADUBACAO_ORDINARIA": null, "ADUBACAO_FRUTIFICACAO": null, "IRRIGACAO_ORDINARIA": null, "IRRIGACAO_FLORACAO": null, "IRRIGACAO_FRUTIFICACAO": null, "DATA_IRRIGACAO_ORDINARIA": null, "DATA_IRRIGACAO_FLORACAO": null, "DATA_IRRIGACAO_FRUTIFICACAO": null, "INICIO_COLHEITA": null, "FIM_COLHEITA": null, "VOLUME_COLHIDO": null }, "geometry": { "type": "Point", "coordinates": [ -34.848539, -7.255392 ] } },
{ "type": "Feature", "properties": { "fid": 190, "ID": "C079", "Latitude": -7.255459, "Longitude": -34.848564, "NOME_POPULAR": "Cajueiro", "NOME_CIENTIFICO": null, "DATA_PLANTIO": null, "TIPO_PLANTIO": null, "ALTURA_TOTAL": null, "DIAMETRO_COPA": null, "DATA_PODA_FORMACAO_1": null, "DATA_PODA_FORMACAO_2": null, "DATA_PODA_FORMACAO_3": null, "DATA_PODA_REDUCAO": null, "DATA_PODA_FLORACAO": null, "DATA_ADUBACAO_ORDINARIA": null, "ADUBACAO_FRUTIFICACAO": null, "IRRIGACAO_ORDINARIA": null, "IRRIGACAO_FLORACAO": null, "IRRIGACAO_FRUTIFICACAO": null, "DATA_IRRIGACAO_ORDINARIA": null, "DATA_IRRIGACAO_FLORACAO": null, "DATA_IRRIGACAO_FRUTIFICACAO": null, "INICIO_COLHEITA": null, "FIM_COLHEITA": null, "VOLUME_COLHIDO": null }, "geometry": { "type": "Point", "coordinates": [ -34.848564, -7.255459 ] } },
{ "type": "Feature", "properties": { "fid": 191, "ID": "C08", "Latitude": -7.25535, "Longitude": -34.848097, "NOME_POPULAR": "Cajueiro", "NOME_CIENTIFICO": null, "DATA_PLANTIO": null, "TIPO_PLANTIO": null, "ALTURA_TOTAL": null, "DIAMETRO_COPA": null, "DATA_PODA_FORMACAO_1": null, "DATA_PODA_FORMACAO_2": null, "DATA_PODA_FORMACAO_3": null, "DATA_PODA_REDUCAO": null, "DATA_PODA_FLORACAO": null, "DATA_ADUBACAO_ORDINARIA": null, "ADUBACAO_FRUTIFICACAO": null, "IRRIGACAO_ORDINARIA": null, "IRRIGACAO_FLORACAO": null, "IRRIGACAO_FRUTIFICACAO": null, "DATA_IRRIGACAO_ORDINARIA": null, "DATA_IRRIGACAO_FLORACAO": null, "DATA_IRRIGACAO_FRUTIFICACAO": null, "INICIO_COLHEITA": null, "FIM_COLHEITA": null, "VOLUME_COLHIDO": null }, "geometry": { "type": "Point", "coordinates": [ -34.848097, -7.25535 ] } },
{ "type": "Feature", "properties": { "fid": 192, "ID": "C080", "Latitude": -7.255566, "Longitude": -34.848658, "NOME_POPULAR": "Cajueiro", "NOME_CIENTIFICO": null, "DATA_PLANTIO": null, "TIPO_PLANTIO": null, "ALTURA_TOTAL": null, "DIAMETRO_COPA": null, "DATA_PODA_FORMACAO_1": null, "DATA_PODA_FORMACAO_2": null, "DATA_PODA_FORMACAO_3": null, "DATA_PODA_REDUCAO": null, "DATA_PODA_FLORACAO": null, "DATA_ADUBACAO_ORDINARIA": null, "ADUBACAO_FRUTIFICACAO": null, "IRRIGACAO_ORDINARIA": null, "IRRIGACAO_FLORACAO": null, "IRRIGACAO_FRUTIFICACAO": null, "DATA_IRRIGACAO_ORDINARIA": null, "DATA_IRRIGACAO_FLORACAO": null, "DATA_IRRIGACAO_FRUTIFICACAO": null, "INICIO_COLHEITA": null, "FIM_COLHEITA": null, "VOLUME_COLHIDO": null }, "geometry": { "type": "Point", "coordinates": [ -34.848658, -7.255566 ] } },
{ "type": "Feature", "properties": { "fid": 193, "ID": "C081", "Latitude": -7.255506, "Longitude": -34.848649, "NOME_POPULAR": "Cajueiro", "NOME_CIENTIFICO": null, "DATA_PLANTIO": null, "TIPO_PLANTIO": null, "ALTURA_TOTAL": null, "DIAMETRO_COPA": null, "DATA_PODA_FORMACAO_1": null, "DATA_PODA_FORMACAO_2": null, "DATA_PODA_FORMACAO_3": null, "DATA_PODA_REDUCAO": null, "DATA_PODA_FLORACAO": null, "DATA_ADUBACAO_ORDINARIA": null, "ADUBACAO_FRUTIFICACAO": null, "IRRIGACAO_ORDINARIA": null, "IRRIGACAO_FLORACAO": null, "IRRIGACAO_FRUTIFICACAO": null, "DATA_IRRIGACAO_ORDINARIA": null, "DATA_IRRIGACAO_FLORACAO": null, "DATA_IRRIGACAO_FRUTIFICACAO": null, "INICIO_COLHEITA": null, "FIM_COLHEITA": null, "VOLUME_COLHIDO": null }, "geometry": { "type": "Point", "coordinates": [ -34.848649, -7.255506 ] } },
{ "type": "Feature", "properties": { "fid": 194, "ID": "C0810", "Latitude": -7.255101, "Longitude": -34.848538, "NOME_POPULAR": "Cajueiro", "NOME_CIENTIFICO": null, "DATA_PLANTIO": null, "TIPO_PLANTIO": null, "ALTURA_TOTAL": null, "DIAMETRO_COPA": null, "DATA_PODA_FORMACAO_1": null, "DATA_PODA_FORMACAO_2": null, "DATA_PODA_FORMACAO_3": null, "DATA_PODA_REDUCAO": null, "DATA_PODA_FLORACAO": null, "DATA_ADUBACAO_ORDINARIA": null, "ADUBACAO_FRUTIFICACAO": null, "IRRIGACAO_ORDINARIA": null, "IRRIGACAO_FLORACAO": null, "IRRIGACAO_FRUTIFICACAO": null, "DATA_IRRIGACAO_ORDINARIA": null, "DATA_IRRIGACAO_FLORACAO": null, "DATA_IRRIGACAO_FRUTIFICACAO": null, "INICIO_COLHEITA": null, "FIM_COLHEITA": null, "VOLUME_COLHIDO": null }, "geometry": { "type": "Point", "coordinates": [ -34.848538, -7.255101 ] } },
{ "type": "Feature", "properties": { "fid": 195, "ID": "C0811", "Latitude": -7.255104, "Longitude": -34.848502, "NOME_POPULAR": "Cajueiro", "NOME_CIENTIFICO": null, "DATA_PLANTIO": null, "TIPO_PLANTIO": null, "ALTURA_TOTAL": null, "DIAMETRO_COPA": null, "DATA_PODA_FORMACAO_1": null, "DATA_PODA_FORMACAO_2": null, "DATA_PODA_FORMACAO_3": null, "DATA_PODA_REDUCAO": null, "DATA_PODA_FLORACAO": null, "DATA_ADUBACAO_ORDINARIA": null, "ADUBACAO_FRUTIFICACAO": null, "IRRIGACAO_ORDINARIA": null, "IRRIGACAO_FLORACAO": null, "IRRIGACAO_FRUTIFICACAO": null, "DATA_IRRIGACAO_ORDINARIA": null, "DATA_IRRIGACAO_FLORACAO": null, "DATA_IRRIGACAO_FRUTIFICACAO": null, "INICIO_COLHEITA": null, "FIM_COLHEITA": null, "VOLUME_COLHIDO": null }, "geometry": { "type": "Point", "coordinates": [ -34.848502, -7.255104 ] } },
{ "type": "Feature", "properties": { "fid": 196, "ID": "C0812", "Latitude": -7.255085, "Longitude": -34.848484, "NOME_POPULAR": "Cajueiro", "NOME_CIENTIFICO": null, "DATA_PLANTIO": null, "TIPO_PLANTIO": null, "ALTURA_TOTAL": null, "DIAMETRO_COPA": null, "DATA_PODA_FORMACAO_1": null, "DATA_PODA_FORMACAO_2": null, "DATA_PODA_FORMACAO_3": null, "DATA_PODA_REDUCAO": null, "DATA_PODA_FLORACAO": null, "DATA_ADUBACAO_ORDINARIA": null, "ADUBACAO_FRUTIFICACAO": null, "IRRIGACAO_ORDINARIA": null, "IRRIGACAO_FLORACAO": null, "IRRIGACAO_FRUTIFICACAO": null, "DATA_IRRIGACAO_ORDINARIA": null, "DATA_IRRIGACAO_FLORACAO": null, "DATA_IRRIGACAO_FRUTIFICACAO": null, "INICIO_COLHEITA": null, "FIM_COLHEITA": null, "VOLUME_COLHIDO": null }, "geometry": { "type": "Point", "coordinates": [ -34.848484, -7.255085 ] } },
{ "type": "Feature", "properties": { "fid": 197, "ID": "C0813", "Latitude": -7.255063, "Longitude": -34.848493, "NOME_POPULAR": "Cajueiro", "NOME_CIENTIFICO": null, "DATA_PLANTIO": null, "TIPO_PLANTIO": null, "ALTURA_TOTAL": null, "DIAMETRO_COPA": null, "DATA_PODA_FORMACAO_1": null, "DATA_PODA_FORMACAO_2": null, "DATA_PODA_FORMACAO_3": null, "DATA_PODA_REDUCAO": null, "DATA_PODA_FLORACAO": null, "DATA_ADUBACAO_ORDINARIA": null, "ADUBACAO_FRUTIFICACAO": null, "IRRIGACAO_ORDINARIA": null, "IRRIGACAO_FLORACAO": null, "IRRIGACAO_FRUTIFICACAO": null, "DATA_IRRIGACAO_ORDINARIA": null, "DATA_IRRIGACAO_FLORACAO": null, "DATA_IRRIGACAO_FRUTIFICACAO": null, "INICIO_COLHEITA": null, "FIM_COLHEITA": null, "VOLUME_COLHIDO": null }, "geometry": { "type": "Point", "coordinates": [ -34.848493, -7.255063 ] } },
{ "type": "Feature", "properties": { "fid": 198, "ID": "C0814", "Latitude": -7.254998, "Longitude": -34.84847, "NOME_POPULAR": "Cajueiro", "NOME_CIENTIFICO": null, "DATA_PLANTIO": null, "TIPO_PLANTIO": null, "ALTURA_TOTAL": null, "DIAMETRO_COPA": null, "DATA_PODA_FORMACAO_1": null, "DATA_PODA_FORMACAO_2": null, "DATA_PODA_FORMACAO_3": null, "DATA_PODA_REDUCAO": null, "DATA_PODA_FLORACAO": null, "DATA_ADUBACAO_ORDINARIA": null, "ADUBACAO_FRUTIFICACAO": null, "IRRIGACAO_ORDINARIA": null, "IRRIGACAO_FLORACAO": null, "IRRIGACAO_FRUTIFICACAO": null, "DATA_IRRIGACAO_ORDINARIA": null, "DATA_IRRIGACAO_FLORACAO": null, "DATA_IRRIGACAO_FRUTIFICACAO": null, "INICIO_COLHEITA": null, "FIM_COLHEITA": null, "VOLUME_COLHIDO": null }, "geometry": { "type": "Point", "coordinates": [ -34.84847, -7.254998 ] } },
{ "type": "Feature", "properties": { "fid": 199, "ID": "C0815", "Latitude": -7.254956, "Longitude": -34.848452, "NOME_POPULAR": "Cajueiro", "NOME_CIENTIFICO": null, "DATA_PLANTIO": null, "TIPO_PLANTIO": null, "ALTURA_TOTAL": null, "DIAMETRO_COPA": null, "DATA_PODA_FORMACAO_1": null, "DATA_PODA_FORMACAO_2": null, "DATA_PODA_FORMACAO_3": null, "DATA_PODA_REDUCAO": null, "DATA_PODA_FLORACAO": null, "DATA_ADUBACAO_ORDINARIA": null, "ADUBACAO_FRUTIFICACAO": null, "IRRIGACAO_ORDINARIA": null, "IRRIGACAO_FLORACAO": null, "IRRIGACAO_FRUTIFICACAO": null, "DATA_IRRIGACAO_ORDINARIA": null, "DATA_IRRIGACAO_FLORACAO": null, "DATA_IRRIGACAO_FRUTIFICACAO": null, "INICIO_COLHEITA": null, "FIM_COLHEITA": null, "VOLUME_COLHIDO": null }, "geometry": { "type": "Point", "coordinates": [ -34.848452, -7.254956 ] } },
{ "type": "Feature", "properties": { "fid": 200, "ID": "C0816", "Latitude": -7.254872, "Longitude": -34.848446, "NOME_POPULAR": "Cajueiro", "NOME_CIENTIFICO": null, "DATA_PLANTIO": null, "TIPO_PLANTIO": null, "ALTURA_TOTAL": null, "DIAMETRO_COPA": null, "DATA_PODA_FORMACAO_1": null, "DATA_PODA_FORMACAO_2": null, "DATA_PODA_FORMACAO_3": null, "DATA_PODA_REDUCAO": null, "DATA_PODA_FLORACAO": null, "DATA_ADUBACAO_ORDINARIA": null, "ADUBACAO_FRUTIFICACAO": null, "IRRIGACAO_ORDINARIA": null, "IRRIGACAO_FLORACAO": null, "IRRIGACAO_FRUTIFICACAO": null, "DATA_IRRIGACAO_ORDINARIA": null, "DATA_IRRIGACAO_FLORACAO": null, "DATA_IRRIGACAO_FRUTIFICACAO": null, "INICIO_COLHEITA": null, "FIM_COLHEITA": null, "VOLUME_COLHIDO": null }, "geometry": { "type": "Point", "coordinates": [ -34.848446, -7.254872 ] } },
{ "type": "Feature", "properties": { "fid": 201, "ID": "C0817", "Latitude": -7.25488, "Longitude": -34.848478, "NOME_POPULAR": "Cajueiro", "NOME_CIENTIFICO": null, "DATA_PLANTIO": null, "TIPO_PLANTIO": null, "ALTURA_TOTAL": null, "DIAMETRO_COPA": null, "DATA_PODA_FORMACAO_1": null, "DATA_PODA_FORMACAO_2": null, "DATA_PODA_FORMACAO_3": null, "DATA_PODA_REDUCAO": null, "DATA_PODA_FLORACAO": null, "DATA_ADUBACAO_ORDINARIA": null, "ADUBACAO_FRUTIFICACAO": null, "IRRIGACAO_ORDINARIA": null, "IRRIGACAO_FLORACAO": null, "IRRIGACAO_FRUTIFICACAO": null, "DATA_IRRIGACAO_ORDINARIA": null, "DATA_IRRIGACAO_FLORACAO": null, "DATA_IRRIGACAO_FRUTIFICACAO": null, "INICIO_COLHEITA": null, "FIM_COLHEITA": null, "VOLUME_COLHIDO": null }, "geometry": { "type": "Point", "coordinates": [ -34.848478, -7.25488 ] } },
{ "type": "Feature", "properties": { "fid": 202, "ID": "C082", "Latitude": -7.255475, "Longitude": -34.848655, "NOME_POPULAR": "Cajueiro", "NOME_CIENTIFICO": null, "DATA_PLANTIO": null, "TIPO_PLANTIO": null, "ALTURA_TOTAL": null, "DIAMETRO_COPA": null, "DATA_PODA_FORMACAO_1": null, "DATA_PODA_FORMACAO_2": null, "DATA_PODA_FORMACAO_3": null, "DATA_PODA_REDUCAO": null, "DATA_PODA_FLORACAO": null, "DATA_ADUBACAO_ORDINARIA": null, "ADUBACAO_FRUTIFICACAO": null, "IRRIGACAO_ORDINARIA": null, "IRRIGACAO_FLORACAO": null, "IRRIGACAO_FRUTIFICACAO": null, "DATA_IRRIGACAO_ORDINARIA": null, "DATA_IRRIGACAO_FLORACAO": null, "DATA_IRRIGACAO_FRUTIFICACAO": null, "INICIO_COLHEITA": null, "FIM_COLHEITA": null, "VOLUME_COLHIDO": null }, "geometry": { "type": "Point", "coordinates": [ -34.848655, -7.255475 ] } },
{ "type": "Feature", "properties": { "fid": 203, "ID": "C083", "Latitude": -7.255381, "Longitude": -34.848617, "NOME_POPULAR": "Cajueiro", "NOME_CIENTIFICO": null, "DATA_PLANTIO": null, "TIPO_PLANTIO": null, "ALTURA_TOTAL": null, "DIAMETRO_COPA": null, "DATA_PODA_FORMACAO_1": null, "DATA_PODA_FORMACAO_2": null, "DATA_PODA_FORMACAO_3": null, "DATA_PODA_REDUCAO": null, "DATA_PODA_FLORACAO": null, "DATA_ADUBACAO_ORDINARIA": null, "ADUBACAO_FRUTIFICACAO": null, "IRRIGACAO_ORDINARIA": null, "IRRIGACAO_FLORACAO": null, "IRRIGACAO_FRUTIFICACAO": null, "DATA_IRRIGACAO_ORDINARIA": null, "DATA_IRRIGACAO_FLORACAO": null, "DATA_IRRIGACAO_FRUTIFICACAO": null, "INICIO_COLHEITA": null, "FIM_COLHEITA": null, "VOLUME_COLHIDO": null }, "geometry": { "type": "Point", "coordinates": [ -34.848617, -7.255381 ] } },
{ "type": "Feature", "properties": { "fid": 204, "ID": "C084", "Latitude": -7.255297, "Longitude": -34.848608, "NOME_POPULAR": "Cajueiro", "NOME_CIENTIFICO": null, "DATA_PLANTIO": null, "TIPO_PLANTIO": null, "ALTURA_TOTAL": null, "DIAMETRO_COPA": null, "DATA_PODA_FORMACAO_1": null, "DATA_PODA_FORMACAO_2": null, "DATA_PODA_FORMACAO_3": null, "DATA_PODA_REDUCAO": null, "DATA_PODA_FLORACAO": null, "DATA_ADUBACAO_ORDINARIA": null, "ADUBACAO_FRUTIFICACAO": null, "IRRIGACAO_ORDINARIA": null, "IRRIGACAO_FLORACAO": null, "IRRIGACAO_FRUTIFICACAO": null, "DATA_IRRIGACAO_ORDINARIA": null, "DATA_IRRIGACAO_FLORACAO": null, "DATA_IRRIGACAO_FRUTIFICACAO": null, "INICIO_COLHEITA": null, "FIM_COLHEITA": null, "VOLUME_COLHIDO": null }, "geometry": { "type": "Point", "coordinates": [ -34.848608, -7.255297 ] } },
{ "type": "Feature", "properties": { "fid": 205, "ID": "C085", "Latitude": -7.255254, "Longitude": -34.848578, "NOME_POPULAR": "Cajueiro", "NOME_CIENTIFICO": null, "DATA_PLANTIO": null, "TIPO_PLANTIO": null, "ALTURA_TOTAL": null, "DIAMETRO_COPA": null, "DATA_PODA_FORMACAO_1": null, "DATA_PODA_FORMACAO_2": null, "DATA_PODA_FORMACAO_3": null, "DATA_PODA_REDUCAO": null, "DATA_PODA_FLORACAO": null, "DATA_ADUBACAO_ORDINARIA": null, "ADUBACAO_FRUTIFICACAO": null, "IRRIGACAO_ORDINARIA": null, "IRRIGACAO_FLORACAO": null, "IRRIGACAO_FRUTIFICACAO": null, "DATA_IRRIGACAO_ORDINARIA": null, "DATA_IRRIGACAO_FLORACAO": null, "DATA_IRRIGACAO_FRUTIFICACAO": null, "INICIO_COLHEITA": null, "FIM_COLHEITA": null, "VOLUME_COLHIDO": null }, "geometry": { "type": "Point", "coordinates": [ -34.848578, -7.255254 ] } },
{ "type": "Feature", "properties": { "fid": 206, "ID": "C086", "Latitude": -7.255267, "Longitude": -34.848545, "NOME_POPULAR": "Cajueiro", "NOME_CIENTIFICO": null, "DATA_PLANTIO": null, "TIPO_PLANTIO": null, "ALTURA_TOTAL": null, "DIAMETRO_COPA": null, "DATA_PODA_FORMACAO_1": null, "DATA_PODA_FORMACAO_2": null, "DATA_PODA_FORMACAO_3": null, "DATA_PODA_REDUCAO": null, "DATA_PODA_FLORACAO": null, "DATA_ADUBACAO_ORDINARIA": null, "ADUBACAO_FRUTIFICACAO": null, "IRRIGACAO_ORDINARIA": null, "IRRIGACAO_FLORACAO": null, "IRRIGACAO_FRUTIFICACAO": null, "DATA_IRRIGACAO_ORDINARIA": null, "DATA_IRRIGACAO_FLORACAO": null, "DATA_IRRIGACAO_FRUTIFICACAO": null, "INICIO_COLHEITA": null, "FIM_COLHEITA": null, "VOLUME_COLHIDO": null }, "geometry": { "type": "Point", "coordinates": [ -34.848545, -7.255267 ] } },
{ "type": "Feature", "properties": { "fid": 207, "ID": "C861", "Latitude": -7.255217, "Longitude": -34.848568, "NOME_POPULAR": "Cajueiro", "NOME_CIENTIFICO": null, "DATA_PLANTIO": null, "TIPO_PLANTIO": null, "ALTURA_TOTAL": null, "DIAMETRO_COPA": null, "DATA_PODA_FORMACAO_1": null, "DATA_PODA_FORMACAO_2": null, "DATA_PODA_FORMACAO_3": null, "DATA_PODA_REDUCAO": null, "DATA_PODA_FLORACAO": null, "DATA_ADUBACAO_ORDINARIA": null, "ADUBACAO_FRUTIFICACAO": null, "IRRIGACAO_ORDINARIA": null, "IRRIGACAO_FLORACAO": null, "IRRIGACAO_FRUTIFICACAO": null, "DATA_IRRIGACAO_ORDINARIA": null, "DATA_IRRIGACAO_FLORACAO": null, "DATA_IRRIGACAO_FRUTIFICACAO": null, "INICIO_COLHEITA": null, "FIM_COLHEITA": null, "VOLUME_COLHIDO": null }, "geometry": { "type": "Point", "coordinates": [ -34.848568, -7.255217 ] } },
{ "type": "Feature", "properties": { "fid": 208, "ID": "C087", "Latitude": -7.255225, "Longitude": -34.848541, "NOME_POPULAR": "Cajueiro", "NOME_CIENTIFICO": null, "DATA_PLANTIO": null, "TIPO_PLANTIO": null, "ALTURA_TOTAL": null, "DIAMETRO_COPA": null, "DATA_PODA_FORMACAO_1": null, "DATA_PODA_FORMACAO_2": null, "DATA_PODA_FORMACAO_3": null, "DATA_PODA_REDUCAO": null, "DATA_PODA_FLORACAO": null, "DATA_ADUBACAO_ORDINARIA": null, "ADUBACAO_FRUTIFICACAO": null, "IRRIGACAO_ORDINARIA": null, "IRRIGACAO_FLORACAO": null, "IRRIGACAO_FRUTIFICACAO": null, "DATA_IRRIGACAO_ORDINARIA": null, "DATA_IRRIGACAO_FLORACAO": null, "DATA_IRRIGACAO_FRUTIFICACAO": null, "INICIO_COLHEITA": null, "FIM_COLHEITA": null, "VOLUME_COLHIDO": null }, "geometry": { "type": "Point", "coordinates": [ -34.848541, -7.255225 ] } },
{ "type": "Feature", "properties": { "fid": 209, "ID": "C088", "Latitude": -7.255182, "Longitude": -34.848529, "NOME_POPULAR": "Cajueiro", "NOME_CIENTIFICO": null, "DATA_PLANTIO": null, "TIPO_PLANTIO": null, "ALTURA_TOTAL": null, "DIAMETRO_COPA": null, "DATA_PODA_FORMACAO_1": null, "DATA_PODA_FORMACAO_2": null, "DATA_PODA_FORMACAO_3": null, "DATA_PODA_REDUCAO": null, "DATA_PODA_FLORACAO": null, "DATA_ADUBACAO_ORDINARIA": null, "ADUBACAO_FRUTIFICACAO": null, "IRRIGACAO_ORDINARIA": null, "IRRIGACAO_FLORACAO": null, "IRRIGACAO_FRUTIFICACAO": null, "DATA_IRRIGACAO_ORDINARIA": null, "DATA_IRRIGACAO_FLORACAO": null, "DATA_IRRIGACAO_FRUTIFICACAO": null, "INICIO_COLHEITA": null, "FIM_COLHEITA": null, "VOLUME_COLHIDO": null }, "geometry": { "type": "Point", "coordinates": [ -34.848529, -7.255182 ] } },
{ "type": "Feature", "properties": { "fid": 210, "ID": "C089", "Latitude": -7.255149, "Longitude": -34.848552, "NOME_POPULAR": "Cajueiro", "NOME_CIENTIFICO": null, "DATA_PLANTIO": null, "TIPO_PLANTIO": null, "ALTURA_TOTAL": null, "DIAMETRO_COPA": null, "DATA_PODA_FORMACAO_1": null, "DATA_PODA_FORMACAO_2": null, "DATA_PODA_FORMACAO_3": null, "DATA_PODA_REDUCAO": null, "DATA_PODA_FLORACAO": null, "DATA_ADUBACAO_ORDINARIA": null, "ADUBACAO_FRUTIFICACAO": null, "IRRIGACAO_ORDINARIA": null, "IRRIGACAO_FLORACAO": null, "IRRIGACAO_FRUTIFICACAO": null, "DATA_IRRIGACAO_ORDINARIA": null, "DATA_IRRIGACAO_FLORACAO": null, "DATA_IRRIGACAO_FRUTIFICACAO": null, "INICIO_COLHEITA": null, "FIM_COLHEITA": null, "VOLUME_COLHIDO": null }, "geometry": { "type": "Point", "coordinates": [ -34.848552, -7.255149 ] } },
{ "type": "Feature", "properties": { "fid": 211, "ID": "C09", "Latitude": -7.255387, "Longitude": -34.848095, "NOME_POPULAR": "Cajueiro", "NOME_CIENTIFICO": null, "DATA_PLANTIO": null, "TIPO_PLANTIO": null, "ALTURA_TOTAL": null, "DIAMETRO_COPA": null, "DATA_PODA_FORMACAO_1": null, "DATA_PODA_FORMACAO_2": null, "DATA_PODA_FORMACAO_3": null, "DATA_PODA_REDUCAO": null, "DATA_PODA_FLORACAO": null, "DATA_ADUBACAO_ORDINARIA": null, "ADUBACAO_FRUTIFICACAO": null, "IRRIGACAO_ORDINARIA": null, "IRRIGACAO_FLORACAO": null, "IRRIGACAO_FRUTIFICACAO": null, "DATA_IRRIGACAO_ORDINARIA": null, "DATA_IRRIGACAO_FLORACAO": null, "DATA_IRRIGACAO_FRUTIFICACAO": null, "INICIO_COLHEITA": null, "FIM_COLHEITA": null, "VOLUME_COLHIDO": null }, "geometry": { "type": "Point", "coordinates": [ -34.848095, -7.255387 ] } },
{ "type": "Feature", "properties": { "fid": 212, "ID": "C090", "Latitude": -7.254907, "Longitude": -34.848542, "NOME_POPULAR": "Cajueiro", "NOME_CIENTIFICO": null, "DATA_PLANTIO": null, "TIPO_PLANTIO": null, "ALTURA_TOTAL": null, "DIAMETRO_COPA": null, "DATA_PODA_FORMACAO_1": null, "DATA_PODA_FORMACAO_2": null, "DATA_PODA_FORMACAO_3": null, "DATA_PODA_REDUCAO": null, "DATA_PODA_FLORACAO": null, "DATA_ADUBACAO_ORDINARIA": null, "ADUBACAO_FRUTIFICACAO": null, "IRRIGACAO_ORDINARIA": null, "IRRIGACAO_FLORACAO": null, "IRRIGACAO_FRUTIFICACAO": null, "DATA_IRRIGACAO_ORDINARIA": null, "DATA_IRRIGACAO_FLORACAO": null, "DATA_IRRIGACAO_FRUTIFICACAO": null, "INICIO_COLHEITA": null, "FIM_COLHEITA": null, "VOLUME_COLHIDO": null }, "geometry": { "type": "Point", "coordinates": [ -34.848542, -7.254907 ] } },
{ "type": "Feature", "properties": { "fid": 213, "ID": "C091", "Latitude": -7.255046, "Longitude": -34.848593, "NOME_POPULAR": "Cajueiro", "NOME_CIENTIFICO": null, "DATA_PLANTIO": null, "TIPO_PLANTIO": null, "ALTURA_TOTAL": null, "DIAMETRO_COPA": null, "DATA_PODA_FORMACAO_1": null, "DATA_PODA_FORMACAO_2": null, "DATA_PODA_FORMACAO_3": null, "DATA_PODA_REDUCAO": null, "DATA_PODA_FLORACAO": null, "DATA_ADUBACAO_ORDINARIA": null, "ADUBACAO_FRUTIFICACAO": null, "IRRIGACAO_ORDINARIA": null, "IRRIGACAO_FLORACAO": null, "IRRIGACAO_FRUTIFICACAO": null, "DATA_IRRIGACAO_ORDINARIA": null, "DATA_IRRIGACAO_FLORACAO": null, "DATA_IRRIGACAO_FRUTIFICACAO": null, "INICIO_COLHEITA": null, "FIM_COLHEITA": null, "VOLUME_COLHIDO": null }, "geometry": { "type": "Point", "coordinates": [ -34.848593, -7.255046 ] } },
{ "type": "Feature", "properties": { "fid": 214, "ID": "C0910", "Latitude": -7.255574, "Longitude": -34.848793, "NOME_POPULAR": "Cajueiro", "NOME_CIENTIFICO": null, "DATA_PLANTIO": null, "TIPO_PLANTIO": null, "ALTURA_TOTAL": null, "DIAMETRO_COPA": null, "DATA_PODA_FORMACAO_1": null, "DATA_PODA_FORMACAO_2": null, "DATA_PODA_FORMACAO_3": null, "DATA_PODA_REDUCAO": null, "DATA_PODA_FLORACAO": null, "DATA_ADUBACAO_ORDINARIA": null, "ADUBACAO_FRUTIFICACAO": null, "IRRIGACAO_ORDINARIA": null, "IRRIGACAO_FLORACAO": null, "IRRIGACAO_FRUTIFICACAO": null, "DATA_IRRIGACAO_ORDINARIA": null, "DATA_IRRIGACAO_FLORACAO": null, "DATA_IRRIGACAO_FRUTIFICACAO": null, "INICIO_COLHEITA": null, "FIM_COLHEITA": null, "VOLUME_COLHIDO": null }, "geometry": { "type": "Point", "coordinates": [ -34.848793, -7.255574 ] } },
{ "type": "Feature", "properties": { "fid": 215, "ID": "C092", "Latitude": -7.255108, "Longitude": -34.848598, "NOME_POPULAR": "Cajueiro", "NOME_CIENTIFICO": null, "DATA_PLANTIO": null, "TIPO_PLANTIO": null, "ALTURA_TOTAL": null, "DIAMETRO_COPA": null, "DATA_PODA_FORMACAO_1": null, "DATA_PODA_FORMACAO_2": null, "DATA_PODA_FORMACAO_3": null, "DATA_PODA_REDUCAO": null, "DATA_PODA_FLORACAO": null, "DATA_ADUBACAO_ORDINARIA": null, "ADUBACAO_FRUTIFICACAO": null, "IRRIGACAO_ORDINARIA": null, "IRRIGACAO_FLORACAO": null, "IRRIGACAO_FRUTIFICACAO": null, "DATA_IRRIGACAO_ORDINARIA": null, "DATA_IRRIGACAO_FLORACAO": null, "DATA_IRRIGACAO_FRUTIFICACAO": null, "INICIO_COLHEITA": null, "FIM_COLHEITA": null, "VOLUME_COLHIDO": null }, "geometry": { "type": "Point", "coordinates": [ -34.848598, -7.255108 ] } },
{ "type": "Feature", "properties": { "fid": 216, "ID": "C093", "Latitude": -7.255181, "Longitude": -34.848626, "NOME_POPULAR": "Cajueiro", "NOME_CIENTIFICO": null, "DATA_PLANTIO": null, "TIPO_PLANTIO": null, "ALTURA_TOTAL": null, "DIAMETRO_COPA": null, "DATA_PODA_FORMACAO_1": null, "DATA_PODA_FORMACAO_2": null, "DATA_PODA_FORMACAO_3": null, "DATA_PODA_REDUCAO": null, "DATA_PODA_FLORACAO": null, "DATA_ADUBACAO_ORDINARIA": null, "ADUBACAO_FRUTIFICACAO": null, "IRRIGACAO_ORDINARIA": null, "IRRIGACAO_FLORACAO": null, "IRRIGACAO_FRUTIFICACAO": null, "DATA_IRRIGACAO_ORDINARIA": null, "DATA_IRRIGACAO_FLORACAO": null, "DATA_IRRIGACAO_FRUTIFICACAO": null, "INICIO_COLHEITA": null, "FIM_COLHEITA": null, "VOLUME_COLHIDO": null }, "geometry": { "type": "Point", "coordinates": [ -34.848626, -7.255181 ] } },
{ "type": "Feature", "properties": { "fid": 217, "ID": "C094", "Latitude": -7.255226, "Longitude": -34.848643, "NOME_POPULAR": "Cajueiro", "NOME_CIENTIFICO": null, "DATA_PLANTIO": null, "TIPO_PLANTIO": null, "ALTURA_TOTAL": null, "DIAMETRO_COPA": null, "DATA_PODA_FORMACAO_1": null, "DATA_PODA_FORMACAO_2": null, "DATA_PODA_FORMACAO_3": null, "DATA_PODA_REDUCAO": null, "DATA_PODA_FLORACAO": null, "DATA_ADUBACAO_ORDINARIA": null, "ADUBACAO_FRUTIFICACAO": null, "IRRIGACAO_ORDINARIA": null, "IRRIGACAO_FLORACAO": null, "IRRIGACAO_FRUTIFICACAO": null, "DATA_IRRIGACAO_ORDINARIA": null, "DATA_IRRIGACAO_FLORACAO": null, "DATA_IRRIGACAO_FRUTIFICACAO": null, "INICIO_COLHEITA": null, "FIM_COLHEITA": null, "VOLUME_COLHIDO": null }, "geometry": { "type": "Point", "coordinates": [ -34.848643, -7.255226 ] } },
{ "type": "Feature", "properties": { "fid": 218, "ID": "C095", "Latitude": -7.255299, "Longitude": -34.848664, "NOME_POPULAR": "Cajueiro", "NOME_CIENTIFICO": null, "DATA_PLANTIO": null, "TIPO_PLANTIO": null, "ALTURA_TOTAL": null, "DIAMETRO_COPA": null, "DATA_PODA_FORMACAO_1": null, "DATA_PODA_FORMACAO_2": null, "DATA_PODA_FORMACAO_3": null, "DATA_PODA_REDUCAO": null, "DATA_PODA_FLORACAO": null, "DATA_ADUBACAO_ORDINARIA": null, "ADUBACAO_FRUTIFICACAO": null, "IRRIGACAO_ORDINARIA": null, "IRRIGACAO_FLORACAO": null, "IRRIGACAO_FRUTIFICACAO": null, "DATA_IRRIGACAO_ORDINARIA": null, "DATA_IRRIGACAO_FLORACAO": null, "DATA_IRRIGACAO_FRUTIFICACAO": null, "INICIO_COLHEITA": null, "FIM_COLHEITA": null, "VOLUME_COLHIDO": null }, "geometry": { "type": "Point", "coordinates": [ -34.848664, -7.255299 ] } },
{ "type": "Feature", "properties": { "fid": 219, "ID": "C096", "Latitude": -7.255422, "Longitude": -34.848719, "NOME_POPULAR": "Cajueiro", "NOME_CIENTIFICO": null, "DATA_PLANTIO": null, "TIPO_PLANTIO": null, "ALTURA_TOTAL": null, "DIAMETRO_COPA": null, "DATA_PODA_FORMACAO_1": null, "DATA_PODA_FORMACAO_2": null, "DATA_PODA_FORMACAO_3": null, "DATA_PODA_REDUCAO": null, "DATA_PODA_FLORACAO": null, "DATA_ADUBACAO_ORDINARIA": null, "ADUBACAO_FRUTIFICACAO": null, "IRRIGACAO_ORDINARIA": null, "IRRIGACAO_FLORACAO": null, "IRRIGACAO_FRUTIFICACAO": null, "DATA_IRRIGACAO_ORDINARIA": null, "DATA_IRRIGACAO_FLORACAO": null, "DATA_IRRIGACAO_FRUTIFICACAO": null, "INICIO_COLHEITA": null, "FIM_COLHEITA": null, "VOLUME_COLHIDO": null }, "geometry": { "type": "Point", "coordinates": [ -34.848719, -7.255422 ] } },
{ "type": "Feature", "properties": { "fid": 220, "ID": "C097", "Latitude": -7.255437, "Longitude": -34.848726, "NOME_POPULAR": "Cajueiro", "NOME_CIENTIFICO": null, "DATA_PLANTIO": null, "TIPO_PLANTIO": null, "ALTURA_TOTAL": null, "DIAMETRO_COPA": null, "DATA_PODA_FORMACAO_1": null, "DATA_PODA_FORMACAO_2": null, "DATA_PODA_FORMACAO_3": null, "DATA_PODA_REDUCAO": null, "DATA_PODA_FLORACAO": null, "DATA_ADUBACAO_ORDINARIA": null, "ADUBACAO_FRUTIFICACAO": null, "IRRIGACAO_ORDINARIA": null, "IRRIGACAO_FLORACAO": null, "IRRIGACAO_FRUTIFICACAO": null, "DATA_IRRIGACAO_ORDINARIA": null, "DATA_IRRIGACAO_FLORACAO": null, "DATA_IRRIGACAO_FRUTIFICACAO": null, "INICIO_COLHEITA": null, "FIM_COLHEITA": null, "VOLUME_COLHIDO": null }, "geometry": { "type": "Point", "coordinates": [ -34.848726, -7.255437 ] } },
{ "type": "Feature", "properties": { "fid": 221, "ID": "C098", "Latitude": -7.255492, "Longitude": -34.848761, "NOME_POPULAR": "Cajueiro", "NOME_CIENTIFICO": null, "DATA_PLANTIO": null, "TIPO_PLANTIO": null, "ALTURA_TOTAL": null, "DIAMETRO_COPA": null, "DATA_PODA_FORMACAO_1": null, "DATA_PODA_FORMACAO_2": null, "DATA_PODA_FORMACAO_3": null, "DATA_PODA_REDUCAO": null, "DATA_PODA_FLORACAO": null, "DATA_ADUBACAO_ORDINARIA": null, "ADUBACAO_FRUTIFICACAO": null, "IRRIGACAO_ORDINARIA": null, "IRRIGACAO_FLORACAO": null, "IRRIGACAO_FRUTIFICACAO": null, "DATA_IRRIGACAO_ORDINARIA": null, "DATA_IRRIGACAO_FLORACAO": null, "DATA_IRRIGACAO_FRUTIFICACAO": null, "INICIO_COLHEITA": null, "FIM_COLHEITA": null, "VOLUME_COLHIDO": null }, "geometry": { "type": "Point", "coordinates": [ -34.848761, -7.255492 ] } },
{ "type": "Feature", "properties": { "fid": 222, "ID": "C099", "Latitude": -7.255526, "Longitude": -34.848765, "NOME_POPULAR": "Cajueiro", "NOME_CIENTIFICO": null, "DATA_PLANTIO": null, "TIPO_PLANTIO": null, "ALTURA_TOTAL": null, "DIAMETRO_COPA": null, "DATA_PODA_FORMACAO_1": null, "DATA_PODA_FORMACAO_2": null, "DATA_PODA_FORMACAO_3": null, "DATA_PODA_REDUCAO": null, "DATA_PODA_FLORACAO": null, "DATA_ADUBACAO_ORDINARIA": null, "ADUBACAO_FRUTIFICACAO": null, "IRRIGACAO_ORDINARIA": null, "IRRIGACAO_FLORACAO": null, "IRRIGACAO_FRUTIFICACAO": null, "DATA_IRRIGACAO_ORDINARIA": null, "DATA_IRRIGACAO_FLORACAO": null, "DATA_IRRIGACAO_FRUTIFICACAO": null, "INICIO_COLHEITA": null, "FIM_COLHEITA": null, "VOLUME_COLHIDO": null }, "geometry": { "type": "Point", "coordinates": [ -34.848765, -7.255526 ] } },
{ "type": "Feature", "properties": { "fid": 223, "ID": "C1", "Latitude": -7.25481, "Longitude": -34.848799, "NOME_POPULAR": "Cajueiro", "NOME_CIENTIFICO": null, "DATA_PLANTIO": null, "TIPO_PLANTIO": null, "ALTURA_TOTAL": null, "DIAMETRO_COPA": null, "DATA_PODA_FORMACAO_1": null, "DATA_PODA_FORMACAO_2": null, "DATA_PODA_FORMACAO_3": null, "DATA_PODA_REDUCAO": null, "DATA_PODA_FLORACAO": null, "DATA_ADUBACAO_ORDINARIA": null, "ADUBACAO_FRUTIFICACAO": null, "IRRIGACAO_ORDINARIA": null, "IRRIGACAO_FLORACAO": null, "IRRIGACAO_FRUTIFICACAO": null, "DATA_IRRIGACAO_ORDINARIA": null, "DATA_IRRIGACAO_FLORACAO": null, "DATA_IRRIGACAO_FRUTIFICACAO": null, "INICIO_COLHEITA": null, "FIM_COLHEITA": null, "VOLUME_COLHIDO": null }, "geometry": { "type": "Point", "coordinates": [ -34.848799, -7.25481 ] } },
{ "type": "Feature", "properties": { "fid": 224, "ID": "C10", "Latitude": -7.255454, "Longitude": -34.848095, "NOME_POPULAR": "Cajueiro", "NOME_CIENTIFICO": null, "DATA_PLANTIO": null, "TIPO_PLANTIO": null, "ALTURA_TOTAL": null, "DIAMETRO_COPA": null, "DATA_PODA_FORMACAO_1": null, "DATA_PODA_FORMACAO_2": null, "DATA_PODA_FORMACAO_3": null, "DATA_PODA_REDUCAO": null, "DATA_PODA_FLORACAO": null, "DATA_ADUBACAO_ORDINARIA": null, "ADUBACAO_FRUTIFICACAO": null, "IRRIGACAO_ORDINARIA": null, "IRRIGACAO_FLORACAO": null, "IRRIGACAO_FRUTIFICACAO": null, "DATA_IRRIGACAO_ORDINARIA": null, "DATA_IRRIGACAO_FLORACAO": null, "DATA_IRRIGACAO_FRUTIFICACAO": null, "INICIO_COLHEITA": null, "FIM_COLHEITA": null, "VOLUME_COLHIDO": null }, "geometry": { "type": "Point", "coordinates": [ -34.848095, -7.255454 ] } },
{ "type": "Feature", "properties": { "fid": 225, "ID": "C11", "Latitude": -7.255559, "Longitude": -34.848103, "NOME_POPULAR": "Cajueiro", "NOME_CIENTIFICO": null, "DATA_PLANTIO": null, "TIPO_PLANTIO": null, "ALTURA_TOTAL": null, "DIAMETRO_COPA": null, "DATA_PODA_FORMACAO_1": null, "DATA_PODA_FORMACAO_2": null, "DATA_PODA_FORMACAO_3": null, "DATA_PODA_REDUCAO": null, "DATA_PODA_FLORACAO": null, "DATA_ADUBACAO_ORDINARIA": null, "ADUBACAO_FRUTIFICACAO": null, "IRRIGACAO_ORDINARIA": null, "IRRIGACAO_FLORACAO": null, "IRRIGACAO_FRUTIFICACAO": null, "DATA_IRRIGACAO_ORDINARIA": null, "DATA_IRRIGACAO_FLORACAO": null, "DATA_IRRIGACAO_FRUTIFICACAO": null, "INICIO_COLHEITA": null, "FIM_COLHEITA": null, "VOLUME_COLHIDO": null }, "geometry": { "type": "Point", "coordinates": [ -34.848103, -7.255559 ] } },
{ "type": "Feature", "properties": { "fid": 226, "ID": "C12", "Latitude": -7.254905, "Longitude": -34.848126, "NOME_POPULAR": "Cajueiro", "NOME_CIENTIFICO": null, "DATA_PLANTIO": null, "TIPO_PLANTIO": null, "ALTURA_TOTAL": null, "DIAMETRO_COPA": null, "DATA_PODA_FORMACAO_1": null, "DATA_PODA_FORMACAO_2": null, "DATA_PODA_FORMACAO_3": null, "DATA_PODA_REDUCAO": null, "DATA_PODA_FLORACAO": null, "DATA_ADUBACAO_ORDINARIA": null, "ADUBACAO_FRUTIFICACAO": null, "IRRIGACAO_ORDINARIA": null, "IRRIGACAO_FLORACAO": null, "IRRIGACAO_FRUTIFICACAO": null, "DATA_IRRIGACAO_ORDINARIA": null, "DATA_IRRIGACAO_FLORACAO": null, "DATA_IRRIGACAO_FRUTIFICACAO": null, "INICIO_COLHEITA": null, "FIM_COLHEITA": null, "VOLUME_COLHIDO": null }, "geometry": { "type": "Point", "coordinates": [ -34.848126, -7.254905 ] } },
{ "type": "Feature", "properties": { "fid": 227, "ID": "C15", "Latitude": -7.255511, "Longitude": -34.849025, "NOME_POPULAR": "Cajueiro", "NOME_CIENTIFICO": null, "DATA_PLANTIO": null, "TIPO_PLANTIO": null, "ALTURA_TOTAL": null, "DIAMETRO_COPA": null, "DATA_PODA_FORMACAO_1": null, "DATA_PODA_FORMACAO_2": null, "DATA_PODA_FORMACAO_3": null, "DATA_PODA_REDUCAO": null, "DATA_PODA_FLORACAO": null, "DATA_ADUBACAO_ORDINARIA": null, "ADUBACAO_FRUTIFICACAO": null, "IRRIGACAO_ORDINARIA": null, "IRRIGACAO_FLORACAO": null, "IRRIGACAO_FRUTIFICACAO": null, "DATA_IRRIGACAO_ORDINARIA": null, "DATA_IRRIGACAO_FLORACAO": null, "DATA_IRRIGACAO_FRUTIFICACAO": null, "INICIO_COLHEITA": null, "FIM_COLHEITA": null, "VOLUME_COLHIDO": null }, "geometry": { "type": "Point", "coordinates": [ -34.849025, -7.255511 ] } },
{ "type": "Feature", "properties": { "fid": 228, "ID": "C16", "Latitude": -7.255688, "Longitude": -34.848084, "NOME_POPULAR": "Cajueiro", "NOME_CIENTIFICO": null, "DATA_PLANTIO": null, "TIPO_PLANTIO": null, "ALTURA_TOTAL": null, "DIAMETRO_COPA": null, "DATA_PODA_FORMACAO_1": null, "DATA_PODA_FORMACAO_2": null, "DATA_PODA_FORMACAO_3": null, "DATA_PODA_REDUCAO": null, "DATA_PODA_FLORACAO": null, "DATA_ADUBACAO_ORDINARIA": null, "ADUBACAO_FRUTIFICACAO": null, "IRRIGACAO_ORDINARIA": null, "IRRIGACAO_FLORACAO": null, "IRRIGACAO_FRUTIFICACAO": null, "DATA_IRRIGACAO_ORDINARIA": null, "DATA_IRRIGACAO_FLORACAO": null, "DATA_IRRIGACAO_FRUTIFICACAO": null, "INICIO_COLHEITA": null, "FIM_COLHEITA": null, "VOLUME_COLHIDO": null }, "geometry": { "type": "Point", "coordinates": [ -34.848084, -7.255688 ] } },
{ "type": "Feature", "properties": { "fid": 229, "ID": "C100", "Latitude": -7.255578, "Longitude": -34.848824, "NOME_POPULAR": "Cajueiro", "NOME_CIENTIFICO": null, "DATA_PLANTIO": null, "TIPO_PLANTIO": null, "ALTURA_TOTAL": null, "DIAMETRO_COPA": null, "DATA_PODA_FORMACAO_1": null, "DATA_PODA_FORMACAO_2": null, "DATA_PODA_FORMACAO_3": null, "DATA_PODA_REDUCAO": null, "DATA_PODA_FLORACAO": null, "DATA_ADUBACAO_ORDINARIA": null, "ADUBACAO_FRUTIFICACAO": null, "IRRIGACAO_ORDINARIA": null, "IRRIGACAO_FLORACAO": null, "IRRIGACAO_FRUTIFICACAO": null, "DATA_IRRIGACAO_ORDINARIA": null, "DATA_IRRIGACAO_FLORACAO": null, "DATA_IRRIGACAO_FRUTIFICACAO": null, "INICIO_COLHEITA": null, "FIM_COLHEITA": null, "VOLUME_COLHIDO": null }, "geometry": { "type": "Point", "coordinates": [ -34.848824, -7.255578 ] } },
{ "type": "Feature", "properties": { "fid": 230, "ID": "C101", "Latitude": -7.255535, "Longitude": -34.848823, "NOME_POPULAR": "Cajueiro", "NOME_CIENTIFICO": null, "DATA_PLANTIO": null, "TIPO_PLANTIO": null, "ALTURA_TOTAL": null, "DIAMETRO_COPA": null, "DATA_PODA_FORMACAO_1": null, "DATA_PODA_FORMACAO_2": null, "DATA_PODA_FORMACAO_3": null, "DATA_PODA_REDUCAO": null, "DATA_PODA_FLORACAO": null, "DATA_ADUBACAO_ORDINARIA": null, "ADUBACAO_FRUTIFICACAO": null, "IRRIGACAO_ORDINARIA": null, "IRRIGACAO_FLORACAO": null, "IRRIGACAO_FRUTIFICACAO": null, "DATA_IRRIGACAO_ORDINARIA": null, "DATA_IRRIGACAO_FLORACAO": null, "DATA_IRRIGACAO_FRUTIFICACAO": null, "INICIO_COLHEITA": null, "FIM_COLHEITA": null, "VOLUME_COLHIDO": null }, "geometry": { "type": "Point", "coordinates": [ -34.848823, -7.255535 ] } },
{ "type": "Feature", "properties": { "fid": 231, "ID": "C102", "Latitude": -7.255506, "Longitude": -34.848824, "NOME_POPULAR": "Cajueiro", "NOME_CIENTIFICO": null, "DATA_PLANTIO": null, "TIPO_PLANTIO": null, "ALTURA_TOTAL": null, "DIAMETRO_COPA": null, "DATA_PODA_FORMACAO_1": null, "DATA_PODA_FORMACAO_2": null, "DATA_PODA_FORMACAO_3": null, "DATA_PODA_REDUCAO": null, "DATA_PODA_FLORACAO": null, "DATA_ADUBACAO_ORDINARIA": null, "ADUBACAO_FRUTIFICACAO": null, "IRRIGACAO_ORDINARIA": null, "IRRIGACAO_FLORACAO": null, "IRRIGACAO_FRUTIFICACAO": null, "DATA_IRRIGACAO_ORDINARIA": null, "DATA_IRRIGACAO_FLORACAO": null, "DATA_IRRIGACAO_FRUTIFICACAO": null, "INICIO_COLHEITA": null, "FIM_COLHEITA": null, "VOLUME_COLHIDO": null }, "geometry": { "type": "Point", "coordinates": [ -34.848824, -7.255506 ] } },
{ "type": "Feature", "properties": { "fid": 232, "ID": "C1025", "Latitude": -7.255469, "Longitude": -34.848799, "NOME_POPULAR": "Cajueiro", "NOME_CIENTIFICO": null, "DATA_PLANTIO": null, "TIPO_PLANTIO": null, "ALTURA_TOTAL": null, "DIAMETRO_COPA": null, "DATA_PODA_FORMACAO_1": null, "DATA_PODA_FORMACAO_2": null, "DATA_PODA_FORMACAO_3": null, "DATA_PODA_REDUCAO": null, "DATA_PODA_FLORACAO": null, "DATA_ADUBACAO_ORDINARIA": null, "ADUBACAO_FRUTIFICACAO": null, "IRRIGACAO_ORDINARIA": null, "IRRIGACAO_FLORACAO": null, "IRRIGACAO_FRUTIFICACAO": null, "DATA_IRRIGACAO_ORDINARIA": null, "DATA_IRRIGACAO_FLORACAO": null, "DATA_IRRIGACAO_FRUTIFICACAO": null, "INICIO_COLHEITA": null, "FIM_COLHEITA": null, "VOLUME_COLHIDO": null }, "geometry": { "type": "Point", "coordinates": [ -34.848799, -7.255469 ] } },
{ "type": "Feature", "properties": { "fid": 233, "ID": "C103", "Latitude": -7.255411, "Longitude": -34.848774, "NOME_POPULAR": "Cajueiro", "NOME_CIENTIFICO": null, "DATA_PLANTIO": null, "TIPO_PLANTIO": null, "ALTURA_TOTAL": null, "DIAMETRO_COPA": null, "DATA_PODA_FORMACAO_1": null, "DATA_PODA_FORMACAO_2": null, "DATA_PODA_FORMACAO_3": null, "DATA_PODA_REDUCAO": null, "DATA_PODA_FLORACAO": null, "DATA_ADUBACAO_ORDINARIA": null, "ADUBACAO_FRUTIFICACAO": null, "IRRIGACAO_ORDINARIA": null, "IRRIGACAO_FLORACAO": null, "IRRIGACAO_FRUTIFICACAO": null, "DATA_IRRIGACAO_ORDINARIA": null, "DATA_IRRIGACAO_FLORACAO": null, "DATA_IRRIGACAO_FRUTIFICACAO": null, "INICIO_COLHEITA": null, "FIM_COLHEITA": null, "VOLUME_COLHIDO": null }, "geometry": { "type": "Point", "coordinates": [ -34.848774, -7.255411 ] } },
{ "type": "Feature", "properties": { "fid": 234, "ID": "C104", "Latitude": -7.255331, "Longitude": -34.848726, "NOME_POPULAR": "Cajueiro", "NOME_CIENTIFICO": null, "DATA_PLANTIO": null, "TIPO_PLANTIO": null, "ALTURA_TOTAL": null, "DIAMETRO_COPA": null, "DATA_PODA_FORMACAO_1": null, "DATA_PODA_FORMACAO_2": null, "DATA_PODA_FORMACAO_3": null, "DATA_PODA_REDUCAO": null, "DATA_PODA_FLORACAO": null, "DATA_ADUBACAO_ORDINARIA": null, "ADUBACAO_FRUTIFICACAO": null, "IRRIGACAO_ORDINARIA": null, "IRRIGACAO_FLORACAO": null, "IRRIGACAO_FRUTIFICACAO": null, "DATA_IRRIGACAO_ORDINARIA": null, "DATA_IRRIGACAO_FLORACAO": null, "DATA_IRRIGACAO_FRUTIFICACAO": null, "INICIO_COLHEITA": null, "FIM_COLHEITA": null, "VOLUME_COLHIDO": null }, "geometry": { "type": "Point", "coordinates": [ -34.848726, -7.255331 ] } },
{ "type": "Feature", "properties": { "fid": 235, "ID": "C105", "Latitude": -7.255266, "Longitude": -34.848701, "NOME_POPULAR": "Cajueiro", "NOME_CIENTIFICO": null, "DATA_PLANTIO": null, "TIPO_PLANTIO": null, "ALTURA_TOTAL": null, "DIAMETRO_COPA": null, "DATA_PODA_FORMACAO_1": null, "DATA_PODA_FORMACAO_2": null, "DATA_PODA_FORMACAO_3": null, "DATA_PODA_REDUCAO": null, "DATA_PODA_FLORACAO": null, "DATA_ADUBACAO_ORDINARIA": null, "ADUBACAO_FRUTIFICACAO": null, "IRRIGACAO_ORDINARIA": null, "IRRIGACAO_FLORACAO": null, "IRRIGACAO_FRUTIFICACAO": null, "DATA_IRRIGACAO_ORDINARIA": null, "DATA_IRRIGACAO_FLORACAO": null, "DATA_IRRIGACAO_FRUTIFICACAO": null, "INICIO_COLHEITA": null, "FIM_COLHEITA": null, "VOLUME_COLHIDO": null }, "geometry": { "type": "Point", "coordinates": [ -34.848701, -7.255266 ] } },
{ "type": "Feature", "properties": { "fid": 236, "ID": "C106", "Latitude": -7.255231, "Longitude": -34.848692, "NOME_POPULAR": "Cajueiro", "NOME_CIENTIFICO": null, "DATA_PLANTIO": null, "TIPO_PLANTIO": null, "ALTURA_TOTAL": null, "DIAMETRO_COPA": null, "DATA_PODA_FORMACAO_1": null, "DATA_PODA_FORMACAO_2": null, "DATA_PODA_FORMACAO_3": null, "DATA_PODA_REDUCAO": null, "DATA_PODA_FLORACAO": null, "DATA_ADUBACAO_ORDINARIA": null, "ADUBACAO_FRUTIFICACAO": null, "IRRIGACAO_ORDINARIA": null, "IRRIGACAO_FLORACAO": null, "IRRIGACAO_FRUTIFICACAO": null, "DATA_IRRIGACAO_ORDINARIA": null, "DATA_IRRIGACAO_FLORACAO": null, "DATA_IRRIGACAO_FRUTIFICACAO": null, "INICIO_COLHEITA": null, "FIM_COLHEITA": null, "VOLUME_COLHIDO": null }, "geometry": { "type": "Point", "coordinates": [ -34.848692, -7.255231 ] } },
{ "type": "Feature", "properties": { "fid": 237, "ID": "C107", "Latitude": -7.255171, "Longitude": -34.848675, "NOME_POPULAR": "Cajueiro", "NOME_CIENTIFICO": null, "DATA_PLANTIO": null, "TIPO_PLANTIO": null, "ALTURA_TOTAL": null, "DIAMETRO_COPA": null, "DATA_PODA_FORMACAO_1": null, "DATA_PODA_FORMACAO_2": null, "DATA_PODA_FORMACAO_3": null, "DATA_PODA_REDUCAO": null, "DATA_PODA_FLORACAO": null, "DATA_ADUBACAO_ORDINARIA": null, "ADUBACAO_FRUTIFICACAO": null, "IRRIGACAO_ORDINARIA": null, "IRRIGACAO_FLORACAO": null, "IRRIGACAO_FRUTIFICACAO": null, "DATA_IRRIGACAO_ORDINARIA": null, "DATA_IRRIGACAO_FLORACAO": null, "DATA_IRRIGACAO_FRUTIFICACAO": null, "INICIO_COLHEITA": null, "FIM_COLHEITA": null, "VOLUME_COLHIDO": null }, "geometry": { "type": "Point", "coordinates": [ -34.848675, -7.255171 ] } },
{ "type": "Feature", "properties": { "fid": 238, "ID": "C108", "Latitude": -7.255116, "Longitude": -34.848656, "NOME_POPULAR": "Cajueiro", "NOME_CIENTIFICO": null, "DATA_PLANTIO": null, "TIPO_PLANTIO": null, "ALTURA_TOTAL": null, "DIAMETRO_COPA": null, "DATA_PODA_FORMACAO_1": null, "DATA_PODA_FORMACAO_2": null, "DATA_PODA_FORMACAO_3": null, "DATA_PODA_REDUCAO": null, "DATA_PODA_FLORACAO": null, "DATA_ADUBACAO_ORDINARIA": null, "ADUBACAO_FRUTIFICACAO": null, "IRRIGACAO_ORDINARIA": null, "IRRIGACAO_FLORACAO": null, "IRRIGACAO_FRUTIFICACAO": null, "DATA_IRRIGACAO_ORDINARIA": null, "DATA_IRRIGACAO_FLORACAO": null, "DATA_IRRIGACAO_FRUTIFICACAO": null, "INICIO_COLHEITA": null, "FIM_COLHEITA": null, "VOLUME_COLHIDO": null }, "geometry": { "type": "Point", "coordinates": [ -34.848656, -7.255116 ] } },
{ "type": "Feature", "properties": { "fid": 239, "ID": "C109", "Latitude": -7.25505, "Longitude": -34.848648, "NOME_POPULAR": "Cajueiro", "NOME_CIENTIFICO": null, "DATA_PLANTIO": null, "TIPO_PLANTIO": null, "ALTURA_TOTAL": null, "DIAMETRO_COPA": null, "DATA_PODA_FORMACAO_1": null, "DATA_PODA_FORMACAO_2": null, "DATA_PODA_FORMACAO_3": null, "DATA_PODA_REDUCAO": null, "DATA_PODA_FLORACAO": null, "DATA_ADUBACAO_ORDINARIA": null, "ADUBACAO_FRUTIFICACAO": null, "IRRIGACAO_ORDINARIA": null, "IRRIGACAO_FLORACAO": null, "IRRIGACAO_FRUTIFICACAO": null, "DATA_IRRIGACAO_ORDINARIA": null, "DATA_IRRIGACAO_FLORACAO": null, "DATA_IRRIGACAO_FRUTIFICACAO": null, "INICIO_COLHEITA": null, "FIM_COLHEITA": null, "VOLUME_COLHIDO": null }, "geometry": { "type": "Point", "coordinates": [ -34.848648, -7.25505 ] } },
{ "type": "Feature", "properties": { "fid": 240, "ID": "C1101", "Latitude": -7.254874, "Longitude": -34.848637, "NOME_POPULAR": "Cajueiro", "NOME_CIENTIFICO": null, "DATA_PLANTIO": null, "TIPO_PLANTIO": null, "ALTURA_TOTAL": null, "DIAMETRO_COPA": null, "DATA_PODA_FORMACAO_1": null, "DATA_PODA_FORMACAO_2": null, "DATA_PODA_FORMACAO_3": null, "DATA_PODA_REDUCAO": null, "DATA_PODA_FLORACAO": null, "DATA_ADUBACAO_ORDINARIA": null, "ADUBACAO_FRUTIFICACAO": null, "IRRIGACAO_ORDINARIA": null, "IRRIGACAO_FLORACAO": null, "IRRIGACAO_FRUTIFICACAO": null, "DATA_IRRIGACAO_ORDINARIA": null, "DATA_IRRIGACAO_FLORACAO": null, "DATA_IRRIGACAO_FRUTIFICACAO": null, "INICIO_COLHEITA": null, "FIM_COLHEITA": null, "VOLUME_COLHIDO": null }, "geometry": { "type": "Point", "coordinates": [ -34.848637, -7.254874 ] } },
{ "type": "Feature", "properties": { "fid": 241, "ID": "C1102", "Latitude": -7.254907, "Longitude": -34.848645, "NOME_POPULAR": "Cajueiro", "NOME_CIENTIFICO": null, "DATA_PLANTIO": null, "TIPO_PLANTIO": null, "ALTURA_TOTAL": null, "DIAMETRO_COPA": null, "DATA_PODA_FORMACAO_1": null, "DATA_PODA_FORMACAO_2": null, "DATA_PODA_FORMACAO_3": null, "DATA_PODA_REDUCAO": null, "DATA_PODA_FLORACAO": null, "DATA_ADUBACAO_ORDINARIA": null, "ADUBACAO_FRUTIFICACAO": null, "IRRIGACAO_ORDINARIA": null, "IRRIGACAO_FLORACAO": null, "IRRIGACAO_FRUTIFICACAO": null, "DATA_IRRIGACAO_ORDINARIA": null, "DATA_IRRIGACAO_FLORACAO": null, "DATA_IRRIGACAO_FRUTIFICACAO": null, "INICIO_COLHEITA": null, "FIM_COLHEITA": null, "VOLUME_COLHIDO": null }, "geometry": { "type": "Point", "coordinates": [ -34.848645, -7.254907 ] } },
{ "type": "Feature", "properties": { "fid": 242, "ID": "C1103", "Latitude": -7.254957, "Longitude": -34.848671, "NOME_POPULAR": "Cajueiro", "NOME_CIENTIFICO": null, "DATA_PLANTIO": null, "TIPO_PLANTIO": null, "ALTURA_TOTAL": null, "DIAMETRO_COPA": null, "DATA_PODA_FORMACAO_1": null, "DATA_PODA_FORMACAO_2": null, "DATA_PODA_FORMACAO_3": null, "DATA_PODA_REDUCAO": null, "DATA_PODA_FLORACAO": null, "DATA_ADUBACAO_ORDINARIA": null, "ADUBACAO_FRUTIFICACAO": null, "IRRIGACAO_ORDINARIA": null, "IRRIGACAO_FLORACAO": null, "IRRIGACAO_FRUTIFICACAO": null, "DATA_IRRIGACAO_ORDINARIA": null, "DATA_IRRIGACAO_FLORACAO": null, "DATA_IRRIGACAO_FRUTIFICACAO": null, "INICIO_COLHEITA": null, "FIM_COLHEITA": null, "VOLUME_COLHIDO": null }, "geometry": { "type": "Point", "coordinates": [ -34.848671, -7.254957 ] } },
{ "type": "Feature", "properties": { "fid": 243, "ID": "C1104", "Latitude": -7.255037, "Longitude": -34.848676, "NOME_POPULAR": "Cajueiro", "NOME_CIENTIFICO": null, "DATA_PLANTIO": null, "TIPO_PLANTIO": null, "ALTURA_TOTAL": null, "DIAMETRO_COPA": null, "DATA_PODA_FORMACAO_1": null, "DATA_PODA_FORMACAO_2": null, "DATA_PODA_FORMACAO_3": null, "DATA_PODA_REDUCAO": null, "DATA_PODA_FLORACAO": null, "DATA_ADUBACAO_ORDINARIA": null, "ADUBACAO_FRUTIFICACAO": null, "IRRIGACAO_ORDINARIA": null, "IRRIGACAO_FLORACAO": null, "IRRIGACAO_FRUTIFICACAO": null, "DATA_IRRIGACAO_ORDINARIA": null, "DATA_IRRIGACAO_FLORACAO": null, "DATA_IRRIGACAO_FRUTIFICACAO": null, "INICIO_COLHEITA": null, "FIM_COLHEITA": null, "VOLUME_COLHIDO": null }, "geometry": { "type": "Point", "coordinates": [ -34.848676, -7.255037 ] } },
{ "type": "Feature", "properties": { "fid": 244, "ID": "C1105", "Latitude": -7.255088, "Longitude": -34.848702, "NOME_POPULAR": "Cajueiro", "NOME_CIENTIFICO": null, "DATA_PLANTIO": null, "TIPO_PLANTIO": null, "ALTURA_TOTAL": null, "DIAMETRO_COPA": null, "DATA_PODA_FORMACAO_1": null, "DATA_PODA_FORMACAO_2": null, "DATA_PODA_FORMACAO_3": null, "DATA_PODA_REDUCAO": null, "DATA_PODA_FLORACAO": null, "DATA_ADUBACAO_ORDINARIA": null, "ADUBACAO_FRUTIFICACAO": null, "IRRIGACAO_ORDINARIA": null, "IRRIGACAO_FLORACAO": null, "IRRIGACAO_FRUTIFICACAO": null, "DATA_IRRIGACAO_ORDINARIA": null, "DATA_IRRIGACAO_FLORACAO": null, "DATA_IRRIGACAO_FRUTIFICACAO": null, "INICIO_COLHEITA": null, "FIM_COLHEITA": null, "VOLUME_COLHIDO": null }, "geometry": { "type": "Point", "coordinates": [ -34.848702, -7.255088 ] } },
{ "type": "Feature", "properties": { "fid": 245, "ID": "C1106", "Latitude": -7.255138, "Longitude": -34.848717, "NOME_POPULAR": "Cajueiro", "NOME_CIENTIFICO": null, "DATA_PLANTIO": null, "TIPO_PLANTIO": null, "ALTURA_TOTAL": null, "DIAMETRO_COPA": null, "DATA_PODA_FORMACAO_1": null, "DATA_PODA_FORMACAO_2": null, "DATA_PODA_FORMACAO_3": null, "DATA_PODA_REDUCAO": null, "DATA_PODA_FLORACAO": null, "DATA_ADUBACAO_ORDINARIA": null, "ADUBACAO_FRUTIFICACAO": null, "IRRIGACAO_ORDINARIA": null, "IRRIGACAO_FLORACAO": null, "IRRIGACAO_FRUTIFICACAO": null, "DATA_IRRIGACAO_ORDINARIA": null, "DATA_IRRIGACAO_FLORACAO": null, "DATA_IRRIGACAO_FRUTIFICACAO": null, "INICIO_COLHEITA": null, "FIM_COLHEITA": null, "VOLUME_COLHIDO": null }, "geometry": { "type": "Point", "coordinates": [ -34.848717, -7.255138 ] } },
{ "type": "Feature", "properties": { "fid": 246, "ID": "C1107", "Latitude": -7.255239, "Longitude": -34.848762, "NOME_POPULAR": "Cajueiro", "NOME_CIENTIFICO": null, "DATA_PLANTIO": null, "TIPO_PLANTIO": null, "ALTURA_TOTAL": null, "DIAMETRO_COPA": null, "DATA_PODA_FORMACAO_1": null, "DATA_PODA_FORMACAO_2": null, "DATA_PODA_FORMACAO_3": null, "DATA_PODA_REDUCAO": null, "DATA_PODA_FLORACAO": null, "DATA_ADUBACAO_ORDINARIA": null, "ADUBACAO_FRUTIFICACAO": null, "IRRIGACAO_ORDINARIA": null, "IRRIGACAO_FLORACAO": null, "IRRIGACAO_FRUTIFICACAO": null, "DATA_IRRIGACAO_ORDINARIA": null, "DATA_IRRIGACAO_FLORACAO": null, "DATA_IRRIGACAO_FRUTIFICACAO": null, "INICIO_COLHEITA": null, "FIM_COLHEITA": null, "VOLUME_COLHIDO": null }, "geometry": { "type": "Point", "coordinates": [ -34.848762, -7.255239 ] } },
{ "type": "Feature", "properties": { "fid": 247, "ID": "C1108", "Latitude": -7.255294, "Longitude": -34.848788, "NOME_POPULAR": "Cajueiro", "NOME_CIENTIFICO": null, "DATA_PLANTIO": null, "TIPO_PLANTIO": null, "ALTURA_TOTAL": null, "DIAMETRO_COPA": null, "DATA_PODA_FORMACAO_1": null, "DATA_PODA_FORMACAO_2": null, "DATA_PODA_FORMACAO_3": null, "DATA_PODA_REDUCAO": null, "DATA_PODA_FLORACAO": null, "DATA_ADUBACAO_ORDINARIA": null, "ADUBACAO_FRUTIFICACAO": null, "IRRIGACAO_ORDINARIA": null, "IRRIGACAO_FLORACAO": null, "IRRIGACAO_FRUTIFICACAO": null, "DATA_IRRIGACAO_ORDINARIA": null, "DATA_IRRIGACAO_FLORACAO": null, "DATA_IRRIGACAO_FRUTIFICACAO": null, "INICIO_COLHEITA": null, "FIM_COLHEITA": null, "VOLUME_COLHIDO": null }, "geometry": { "type": "Point", "coordinates": [ -34.848788, -7.255294 ] } },
{ "type": "Feature", "properties": { "fid": 248, "ID": "C1109", "Latitude": -7.255366, "Longitude": -34.848802, "NOME_POPULAR": "Cajueiro", "NOME_CIENTIFICO": null, "DATA_PLANTIO": null, "TIPO_PLANTIO": null, "ALTURA_TOTAL": null, "DIAMETRO_COPA": null, "DATA_PODA_FORMACAO_1": null, "DATA_PODA_FORMACAO_2": null, "DATA_PODA_FORMACAO_3": null, "DATA_PODA_REDUCAO": null, "DATA_PODA_FLORACAO": null, "DATA_ADUBACAO_ORDINARIA": null, "ADUBACAO_FRUTIFICACAO": null, "IRRIGACAO_ORDINARIA": null, "IRRIGACAO_FLORACAO": null, "IRRIGACAO_FRUTIFICACAO": null, "DATA_IRRIGACAO_ORDINARIA": null, "DATA_IRRIGACAO_FLORACAO": null, "DATA_IRRIGACAO_FRUTIFICACAO": null, "INICIO_COLHEITA": null, "FIM_COLHEITA": null, "VOLUME_COLHIDO": null }, "geometry": { "type": "Point", "coordinates": [ -34.848802, -7.255366 ] } },
{ "type": "Feature", "properties": { "fid": 249, "ID": "C111", "Latitude": -7.254913, "Longitude": -34.848598, "NOME_POPULAR": "Cajueiro", "NOME_CIENTIFICO": null, "DATA_PLANTIO": null, "TIPO_PLANTIO": null, "ALTURA_TOTAL": null, "DIAMETRO_COPA": null, "DATA_PODA_FORMACAO_1": null, "DATA_PODA_FORMACAO_2": null, "DATA_PODA_FORMACAO_3": null, "DATA_PODA_REDUCAO": null, "DATA_PODA_FLORACAO": null, "DATA_ADUBACAO_ORDINARIA": null, "ADUBACAO_FRUTIFICACAO": null, "IRRIGACAO_ORDINARIA": null, "IRRIGACAO_FLORACAO": null, "IRRIGACAO_FRUTIFICACAO": null, "DATA_IRRIGACAO_ORDINARIA": null, "DATA_IRRIGACAO_FLORACAO": null, "DATA_IRRIGACAO_FRUTIFICACAO": null, "INICIO_COLHEITA": null, "FIM_COLHEITA": null, "VOLUME_COLHIDO": null }, "geometry": { "type": "Point", "coordinates": [ -34.848598, -7.254913 ] } },
{ "type": "Feature", "properties": { "fid": 250, "ID": "C1110", "Latitude": -7.255406, "Longitude": -34.848822, "NOME_POPULAR": "Cajueiro", "NOME_CIENTIFICO": null, "DATA_PLANTIO": null, "TIPO_PLANTIO": null, "ALTURA_TOTAL": null, "DIAMETRO_COPA": null, "DATA_PODA_FORMACAO_1": null, "DATA_PODA_FORMACAO_2": null, "DATA_PODA_FORMACAO_3": null, "DATA_PODA_REDUCAO": null, "DATA_PODA_FLORACAO": null, "DATA_ADUBACAO_ORDINARIA": null, "ADUBACAO_FRUTIFICACAO": null, "IRRIGACAO_ORDINARIA": null, "IRRIGACAO_FLORACAO": null, "IRRIGACAO_FRUTIFICACAO": null, "DATA_IRRIGACAO_ORDINARIA": null, "DATA_IRRIGACAO_FLORACAO": null, "DATA_IRRIGACAO_FRUTIFICACAO": null, "INICIO_COLHEITA": null, "FIM_COLHEITA": null, "VOLUME_COLHIDO": null }, "geometry": { "type": "Point", "coordinates": [ -34.848822, -7.255406 ] } },
{ "type": "Feature", "properties": { "fid": 251, "ID": "C1111", "Latitude": -7.255459, "Longitude": -34.848832, "NOME_POPULAR": "Cajueiro", "NOME_CIENTIFICO": null, "DATA_PLANTIO": null, "TIPO_PLANTIO": null, "ALTURA_TOTAL": null, "DIAMETRO_COPA": null, "DATA_PODA_FORMACAO_1": null, "DATA_PODA_FORMACAO_2": null, "DATA_PODA_FORMACAO_3": null, "DATA_PODA_REDUCAO": null, "DATA_PODA_FLORACAO": null, "DATA_ADUBACAO_ORDINARIA": null, "ADUBACAO_FRUTIFICACAO": null, "IRRIGACAO_ORDINARIA": null, "IRRIGACAO_FLORACAO": null, "IRRIGACAO_FRUTIFICACAO": null, "DATA_IRRIGACAO_ORDINARIA": null, "DATA_IRRIGACAO_FLORACAO": null, "DATA_IRRIGACAO_FRUTIFICACAO": null, "INICIO_COLHEITA": null, "FIM_COLHEITA": null, "VOLUME_COLHIDO": null }, "geometry": { "type": "Point", "coordinates": [ -34.848832, -7.255459 ] } },
{ "type": "Feature", "properties": { "fid": 252, "ID": "C1112", "Latitude": -7.255503, "Longitude": -34.848843, "NOME_POPULAR": "Cajueiro", "NOME_CIENTIFICO": null, "DATA_PLANTIO": null, "TIPO_PLANTIO": null, "ALTURA_TOTAL": null, "DIAMETRO_COPA": null, "DATA_PODA_FORMACAO_1": null, "DATA_PODA_FORMACAO_2": null, "DATA_PODA_FORMACAO_3": null, "DATA_PODA_REDUCAO": null, "DATA_PODA_FLORACAO": null, "DATA_ADUBACAO_ORDINARIA": null, "ADUBACAO_FRUTIFICACAO": null, "IRRIGACAO_ORDINARIA": null, "IRRIGACAO_FLORACAO": null, "IRRIGACAO_FRUTIFICACAO": null, "DATA_IRRIGACAO_ORDINARIA": null, "DATA_IRRIGACAO_FLORACAO": null, "DATA_IRRIGACAO_FRUTIFICACAO": null, "INICIO_COLHEITA": null, "FIM_COLHEITA": null, "VOLUME_COLHIDO": null }, "geometry": { "type": "Point", "coordinates": [ -34.848843, -7.255503 ] } },
{ "type": "Feature", "properties": { "fid": 253, "ID": "C1113", "Latitude": -7.255547, "Longitude": -34.848855, "NOME_POPULAR": "Cajueiro", "NOME_CIENTIFICO": null, "DATA_PLANTIO": null, "TIPO_PLANTIO": null, "ALTURA_TOTAL": null, "DIAMETRO_COPA": null, "DATA_PODA_FORMACAO_1": null, "DATA_PODA_FORMACAO_2": null, "DATA_PODA_FORMACAO_3": null, "DATA_PODA_REDUCAO": null, "DATA_PODA_FLORACAO": null, "DATA_ADUBACAO_ORDINARIA": null, "ADUBACAO_FRUTIFICACAO": null, "IRRIGACAO_ORDINARIA": null, "IRRIGACAO_FLORACAO": null, "IRRIGACAO_FRUTIFICACAO": null, "DATA_IRRIGACAO_ORDINARIA": null, "DATA_IRRIGACAO_FLORACAO": null, "DATA_IRRIGACAO_FRUTIFICACAO": null, "INICIO_COLHEITA": null, "FIM_COLHEITA": null, "VOLUME_COLHIDO": null }, "geometry": { "type": "Point", "coordinates": [ -34.848855, -7.255547 ] } },
{ "type": "Feature", "properties": { "fid": 254, "ID": "C112", "Latitude": -7.254859, "Longitude": -34.84859, "NOME_POPULAR": "Cajueiro", "NOME_CIENTIFICO": null, "DATA_PLANTIO": null, "TIPO_PLANTIO": null, "ALTURA_TOTAL": null, "DIAMETRO_COPA": null, "DATA_PODA_FORMACAO_1": null, "DATA_PODA_FORMACAO_2": null, "DATA_PODA_FORMACAO_3": null, "DATA_PODA_REDUCAO": null, "DATA_PODA_FLORACAO": null, "DATA_ADUBACAO_ORDINARIA": null, "ADUBACAO_FRUTIFICACAO": null, "IRRIGACAO_ORDINARIA": null, "IRRIGACAO_FLORACAO": null, "IRRIGACAO_FRUTIFICACAO": null, "DATA_IRRIGACAO_ORDINARIA": null, "DATA_IRRIGACAO_FLORACAO": null, "DATA_IRRIGACAO_FRUTIFICACAO": null, "INICIO_COLHEITA": null, "FIM_COLHEITA": null, "VOLUME_COLHIDO": null }, "geometry": { "type": "Point", "coordinates": [ -34.84859, -7.254859 ] } },
{ "type": "Feature", "properties": { "fid": 255, "ID": "C1201", "Latitude": -7.255549, "Longitude": -34.848898, "NOME_POPULAR": "Cajueiro", "NOME_CIENTIFICO": null, "DATA_PLANTIO": null, "TIPO_PLANTIO": null, "ALTURA_TOTAL": null, "DIAMETRO_COPA": null, "DATA_PODA_FORMACAO_1": null, "DATA_PODA_FORMACAO_2": null, "DATA_PODA_FORMACAO_3": null, "DATA_PODA_REDUCAO": null, "DATA_PODA_FLORACAO": null, "DATA_ADUBACAO_ORDINARIA": null, "ADUBACAO_FRUTIFICACAO": null, "IRRIGACAO_ORDINARIA": null, "IRRIGACAO_FLORACAO": null, "IRRIGACAO_FRUTIFICACAO": null, "DATA_IRRIGACAO_ORDINARIA": null, "DATA_IRRIGACAO_FLORACAO": null, "DATA_IRRIGACAO_FRUTIFICACAO": null, "INICIO_COLHEITA": null, "FIM_COLHEITA": null, "VOLUME_COLHIDO": null }, "geometry": { "type": "Point", "coordinates": [ -34.848898, -7.255549 ] } },
{ "type": "Feature", "properties": { "fid": 256, "ID": "C1202", "Latitude": -7.255507, "Longitude": -34.848918, "NOME_POPULAR": "Cajueiro", "NOME_CIENTIFICO": null, "DATA_PLANTIO": null, "TIPO_PLANTIO": null, "ALTURA_TOTAL": null, "DIAMETRO_COPA": null, "DATA_PODA_FORMACAO_1": null, "DATA_PODA_FORMACAO_2": null, "DATA_PODA_FORMACAO_3": null, "DATA_PODA_REDUCAO": null, "DATA_PODA_FLORACAO": null, "DATA_ADUBACAO_ORDINARIA": null, "ADUBACAO_FRUTIFICACAO": null, "IRRIGACAO_ORDINARIA": null, "IRRIGACAO_FLORACAO": null, "IRRIGACAO_FRUTIFICACAO": null, "DATA_IRRIGACAO_ORDINARIA": null, "DATA_IRRIGACAO_FLORACAO": null, "DATA_IRRIGACAO_FRUTIFICACAO": null, "INICIO_COLHEITA": null, "FIM_COLHEITA": null, "VOLUME_COLHIDO": null }, "geometry": { "type": "Point", "coordinates": [ -34.848918, -7.255507 ] } },
{ "type": "Feature", "properties": { "fid": 257, "ID": "C1203", "Latitude": -7.255437, "Longitude": -34.84891, "NOME_POPULAR": "Cajueiro", "NOME_CIENTIFICO": null, "DATA_PLANTIO": null, "TIPO_PLANTIO": null, "ALTURA_TOTAL": null, "DIAMETRO_COPA": null, "DATA_PODA_FORMACAO_1": null, "DATA_PODA_FORMACAO_2": null, "DATA_PODA_FORMACAO_3": null, "DATA_PODA_REDUCAO": null, "DATA_PODA_FLORACAO": null, "DATA_ADUBACAO_ORDINARIA": null, "ADUBACAO_FRUTIFICACAO": null, "IRRIGACAO_ORDINARIA": null, "IRRIGACAO_FLORACAO": null, "IRRIGACAO_FRUTIFICACAO": null, "DATA_IRRIGACAO_ORDINARIA": null, "DATA_IRRIGACAO_FLORACAO": null, "DATA_IRRIGACAO_FRUTIFICACAO": null, "INICIO_COLHEITA": null, "FIM_COLHEITA": null, "VOLUME_COLHIDO": null }, "geometry": { "type": "Point", "coordinates": [ -34.84891, -7.255437 ] } },
{ "type": "Feature", "properties": { "fid": 258, "ID": "C1204", "Latitude": -7.255413, "Longitude": -34.84889, "NOME_POPULAR": "Cajueiro", "NOME_CIENTIFICO": null, "DATA_PLANTIO": null, "TIPO_PLANTIO": null, "ALTURA_TOTAL": null, "DIAMETRO_COPA": null, "DATA_PODA_FORMACAO_1": null, "DATA_PODA_FORMACAO_2": null, "DATA_PODA_FORMACAO_3": null, "DATA_PODA_REDUCAO": null, "DATA_PODA_FLORACAO": null, "DATA_ADUBACAO_ORDINARIA": null, "ADUBACAO_FRUTIFICACAO": null, "IRRIGACAO_ORDINARIA": null, "IRRIGACAO_FLORACAO": null, "IRRIGACAO_FRUTIFICACAO": null, "DATA_IRRIGACAO_ORDINARIA": null, "DATA_IRRIGACAO_FLORACAO": null, "DATA_IRRIGACAO_FRUTIFICACAO": null, "INICIO_COLHEITA": null, "FIM_COLHEITA": null, "VOLUME_COLHIDO": null }, "geometry": { "type": "Point", "coordinates": [ -34.84889, -7.255413 ] } },
{ "type": "Feature", "properties": { "fid": 259, "ID": "C1205", "Latitude": -7.255302, "Longitude": -34.848839, "NOME_POPULAR": "Cajueiro", "NOME_CIENTIFICO": null, "DATA_PLANTIO": null, "TIPO_PLANTIO": null, "ALTURA_TOTAL": null, "DIAMETRO_COPA": null, "DATA_PODA_FORMACAO_1": null, "DATA_PODA_FORMACAO_2": null, "DATA_PODA_FORMACAO_3": null, "DATA_PODA_REDUCAO": null, "DATA_PODA_FLORACAO": null, "DATA_ADUBACAO_ORDINARIA": null, "ADUBACAO_FRUTIFICACAO": null, "IRRIGACAO_ORDINARIA": null, "IRRIGACAO_FLORACAO": null, "IRRIGACAO_FRUTIFICACAO": null, "DATA_IRRIGACAO_ORDINARIA": null, "DATA_IRRIGACAO_FLORACAO": null, "DATA_IRRIGACAO_FRUTIFICACAO": null, "INICIO_COLHEITA": null, "FIM_COLHEITA": null, "VOLUME_COLHIDO": null }, "geometry": { "type": "Point", "coordinates": [ -34.848839, -7.255302 ] } },
{ "type": "Feature", "properties": { "fid": 260, "ID": "C1206", "Latitude": -7.255237, "Longitude": -34.848811, "NOME_POPULAR": "Cajueiro", "NOME_CIENTIFICO": null, "DATA_PLANTIO": null, "TIPO_PLANTIO": null, "ALTURA_TOTAL": null, "DIAMETRO_COPA": null, "DATA_PODA_FORMACAO_1": null, "DATA_PODA_FORMACAO_2": null, "DATA_PODA_FORMACAO_3": null, "DATA_PODA_REDUCAO": null, "DATA_PODA_FLORACAO": null, "DATA_ADUBACAO_ORDINARIA": null, "ADUBACAO_FRUTIFICACAO": null, "IRRIGACAO_ORDINARIA": null, "IRRIGACAO_FLORACAO": null, "IRRIGACAO_FRUTIFICACAO": null, "DATA_IRRIGACAO_ORDINARIA": null, "DATA_IRRIGACAO_FLORACAO": null, "DATA_IRRIGACAO_FRUTIFICACAO": null, "INICIO_COLHEITA": null, "FIM_COLHEITA": null, "VOLUME_COLHIDO": null }, "geometry": { "type": "Point", "coordinates": [ -34.848811, -7.255237 ] } },
{ "type": "Feature", "properties": { "fid": 261, "ID": "C1207", "Latitude": -7.255187, "Longitude": -34.848791, "NOME_POPULAR": "Cajueiro", "NOME_CIENTIFICO": null, "DATA_PLANTIO": null, "TIPO_PLANTIO": null, "ALTURA_TOTAL": null, "DIAMETRO_COPA": null, "DATA_PODA_FORMACAO_1": null, "DATA_PODA_FORMACAO_2": null, "DATA_PODA_FORMACAO_3": null, "DATA_PODA_REDUCAO": null, "DATA_PODA_FLORACAO": null, "DATA_ADUBACAO_ORDINARIA": null, "ADUBACAO_FRUTIFICACAO": null, "IRRIGACAO_ORDINARIA": null, "IRRIGACAO_FLORACAO": null, "IRRIGACAO_FRUTIFICACAO": null, "DATA_IRRIGACAO_ORDINARIA": null, "DATA_IRRIGACAO_FLORACAO": null, "DATA_IRRIGACAO_FRUTIFICACAO": null, "INICIO_COLHEITA": null, "FIM_COLHEITA": null, "VOLUME_COLHIDO": null }, "geometry": { "type": "Point", "coordinates": [ -34.848791, -7.255187 ] } },
{ "type": "Feature", "properties": { "fid": 262, "ID": "C1208", "Latitude": -7.255125, "Longitude": -34.848773, "NOME_POPULAR": "Cajueiro", "NOME_CIENTIFICO": null, "DATA_PLANTIO": null, "TIPO_PLANTIO": null, "ALTURA_TOTAL": null, "DIAMETRO_COPA": null, "DATA_PODA_FORMACAO_1": null, "DATA_PODA_FORMACAO_2": null, "DATA_PODA_FORMACAO_3": null, "DATA_PODA_REDUCAO": null, "DATA_PODA_FLORACAO": null, "DATA_ADUBACAO_ORDINARIA": null, "ADUBACAO_FRUTIFICACAO": null, "IRRIGACAO_ORDINARIA": null, "IRRIGACAO_FLORACAO": null, "IRRIGACAO_FRUTIFICACAO": null, "DATA_IRRIGACAO_ORDINARIA": null, "DATA_IRRIGACAO_FLORACAO": null, "DATA_IRRIGACAO_FRUTIFICACAO": null, "INICIO_COLHEITA": null, "FIM_COLHEITA": null, "VOLUME_COLHIDO": null }, "geometry": { "type": "Point", "coordinates": [ -34.848773, -7.255125 ] } },
{ "type": "Feature", "properties": { "fid": 263, "ID": "C1209", "Latitude": -7.25507, "Longitude": -34.848759, "NOME_POPULAR": "Cajueiro", "NOME_CIENTIFICO": null, "DATA_PLANTIO": null, "TIPO_PLANTIO": null, "ALTURA_TOTAL": null, "DIAMETRO_COPA": null, "DATA_PODA_FORMACAO_1": null, "DATA_PODA_FORMACAO_2": null, "DATA_PODA_FORMACAO_3": null, "DATA_PODA_REDUCAO": null, "DATA_PODA_FLORACAO": null, "DATA_ADUBACAO_ORDINARIA": null, "ADUBACAO_FRUTIFICACAO": null, "IRRIGACAO_ORDINARIA": null, "IRRIGACAO_FLORACAO": null, "IRRIGACAO_FRUTIFICACAO": null, "DATA_IRRIGACAO_ORDINARIA": null, "DATA_IRRIGACAO_FLORACAO": null, "DATA_IRRIGACAO_FRUTIFICACAO": null, "INICIO_COLHEITA": null, "FIM_COLHEITA": null, "VOLUME_COLHIDO": null }, "geometry": { "type": "Point", "coordinates": [ -34.848759, -7.25507 ] } },
{ "type": "Feature", "properties": { "fid": 264, "ID": "C1210", "Latitude": -7.255006, "Longitude": -34.848743, "NOME_POPULAR": "Cajueiro", "NOME_CIENTIFICO": null, "DATA_PLANTIO": null, "TIPO_PLANTIO": null, "ALTURA_TOTAL": null, "DIAMETRO_COPA": null, "DATA_PODA_FORMACAO_1": null, "DATA_PODA_FORMACAO_2": null, "DATA_PODA_FORMACAO_3": null, "DATA_PODA_REDUCAO": null, "DATA_PODA_FLORACAO": null, "DATA_ADUBACAO_ORDINARIA": null, "ADUBACAO_FRUTIFICACAO": null, "IRRIGACAO_ORDINARIA": null, "IRRIGACAO_FLORACAO": null, "IRRIGACAO_FRUTIFICACAO": null, "DATA_IRRIGACAO_ORDINARIA": null, "DATA_IRRIGACAO_FLORACAO": null, "DATA_IRRIGACAO_FRUTIFICACAO": null, "INICIO_COLHEITA": null, "FIM_COLHEITA": null, "VOLUME_COLHIDO": null }, "geometry": { "type": "Point", "coordinates": [ -34.848743, -7.255006 ] } },
{ "type": "Feature", "properties": { "fid": 265, "ID": "C1212", "Latitude": -7.254906, "Longitude": -34.848695, "NOME_POPULAR": "Cajueiro", "NOME_CIENTIFICO": null, "DATA_PLANTIO": null, "TIPO_PLANTIO": null, "ALTURA_TOTAL": null, "DIAMETRO_COPA": null, "DATA_PODA_FORMACAO_1": null, "DATA_PODA_FORMACAO_2": null, "DATA_PODA_FORMACAO_3": null, "DATA_PODA_REDUCAO": null, "DATA_PODA_FLORACAO": null, "DATA_ADUBACAO_ORDINARIA": null, "ADUBACAO_FRUTIFICACAO": null, "IRRIGACAO_ORDINARIA": null, "IRRIGACAO_FLORACAO": null, "IRRIGACAO_FRUTIFICACAO": null, "DATA_IRRIGACAO_ORDINARIA": null, "DATA_IRRIGACAO_FLORACAO": null, "DATA_IRRIGACAO_FRUTIFICACAO": null, "INICIO_COLHEITA": null, "FIM_COLHEITA": null, "VOLUME_COLHIDO": null }, "geometry": { "type": "Point", "coordinates": [ -34.848695, -7.254906 ] } },
{ "type": "Feature", "properties": { "fid": 266, "ID": "C1213", "Latitude": -7.254847, "Longitude": -34.848684, "NOME_POPULAR": "Cajueiro", "NOME_CIENTIFICO": null, "DATA_PLANTIO": null, "TIPO_PLANTIO": null, "ALTURA_TOTAL": null, "DIAMETRO_COPA": null, "DATA_PODA_FORMACAO_1": null, "DATA_PODA_FORMACAO_2": null, "DATA_PODA_FORMACAO_3": null, "DATA_PODA_REDUCAO": null, "DATA_PODA_FLORACAO": null, "DATA_ADUBACAO_ORDINARIA": null, "ADUBACAO_FRUTIFICACAO": null, "IRRIGACAO_ORDINARIA": null, "IRRIGACAO_FLORACAO": null, "IRRIGACAO_FRUTIFICACAO": null, "DATA_IRRIGACAO_ORDINARIA": null, "DATA_IRRIGACAO_FLORACAO": null, "DATA_IRRIGACAO_FRUTIFICACAO": null, "INICIO_COLHEITA": null, "FIM_COLHEITA": null, "VOLUME_COLHIDO": null }, "geometry": { "type": "Point", "coordinates": [ -34.848684, -7.254847 ] } },
{ "type": "Feature", "properties": { "fid": 267, "ID": "C1301", "Latitude": -7.254794, "Longitude": -34.848703, "NOME_POPULAR": "Cajueiro", "NOME_CIENTIFICO": null, "DATA_PLANTIO": null, "TIPO_PLANTIO": null, "ALTURA_TOTAL": null, "DIAMETRO_COPA": null, "DATA_PODA_FORMACAO_1": null, "DATA_PODA_FORMACAO_2": null, "DATA_PODA_FORMACAO_3": null, "DATA_PODA_REDUCAO": null, "DATA_PODA_FLORACAO": null, "DATA_ADUBACAO_ORDINARIA": null, "ADUBACAO_FRUTIFICACAO": null, "IRRIGACAO_ORDINARIA": null, "IRRIGACAO_FLORACAO": null, "IRRIGACAO_FRUTIFICACAO": null, "DATA_IRRIGACAO_ORDINARIA": null, "DATA_IRRIGACAO_FLORACAO": null, "DATA_IRRIGACAO_FRUTIFICACAO": null, "INICIO_COLHEITA": null, "FIM_COLHEITA": null, "VOLUME_COLHIDO": null }, "geometry": { "type": "Point", "coordinates": [ -34.848703, -7.254794 ] } },
{ "type": "Feature", "properties": { "fid": 268, "ID": "C1302", "Latitude": -7.254868, "Longitude": -34.848743, "NOME_POPULAR": "Cajueiro", "NOME_CIENTIFICO": null, "DATA_PLANTIO": null, "TIPO_PLANTIO": null, "ALTURA_TOTAL": null, "DIAMETRO_COPA": null, "DATA_PODA_FORMACAO_1": null, "DATA_PODA_FORMACAO_2": null, "DATA_PODA_FORMACAO_3": null, "DATA_PODA_REDUCAO": null, "DATA_PODA_FLORACAO": null, "DATA_ADUBACAO_ORDINARIA": null, "ADUBACAO_FRUTIFICACAO": null, "IRRIGACAO_ORDINARIA": null, "IRRIGACAO_FLORACAO": null, "IRRIGACAO_FRUTIFICACAO": null, "DATA_IRRIGACAO_ORDINARIA": null, "DATA_IRRIGACAO_FLORACAO": null, "DATA_IRRIGACAO_FRUTIFICACAO": null, "INICIO_COLHEITA": null, "FIM_COLHEITA": null, "VOLUME_COLHIDO": null }, "geometry": { "type": "Point", "coordinates": [ -34.848743, -7.254868 ] } },
{ "type": "Feature", "properties": { "fid": 269, "ID": "C1303", "Latitude": -7.25494, "Longitude": -34.848769, "NOME_POPULAR": "Cajueiro", "NOME_CIENTIFICO": null, "DATA_PLANTIO": null, "TIPO_PLANTIO": null, "ALTURA_TOTAL": null, "DIAMETRO_COPA": null, "DATA_PODA_FORMACAO_1": null, "DATA_PODA_FORMACAO_2": null, "DATA_PODA_FORMACAO_3": null, "DATA_PODA_REDUCAO": null, "DATA_PODA_FLORACAO": null, "DATA_ADUBACAO_ORDINARIA": null, "ADUBACAO_FRUTIFICACAO": null, "IRRIGACAO_ORDINARIA": null, "IRRIGACAO_FLORACAO": null, "IRRIGACAO_FRUTIFICACAO": null, "DATA_IRRIGACAO_ORDINARIA": null, "DATA_IRRIGACAO_FLORACAO": null, "DATA_IRRIGACAO_FRUTIFICACAO": null, "INICIO_COLHEITA": null, "FIM_COLHEITA": null, "VOLUME_COLHIDO": null }, "geometry": { "type": "Point", "coordinates": [ -34.848769, -7.25494 ] } },
{ "type": "Feature", "properties": { "fid": 270, "ID": "C1304", "Latitude": -7.254993, "Longitude": -34.848793, "NOME_POPULAR": "Cajueiro", "NOME_CIENTIFICO": null, "DATA_PLANTIO": null, "TIPO_PLANTIO": null, "ALTURA_TOTAL": null, "DIAMETRO_COPA": null, "DATA_PODA_FORMACAO_1": null, "DATA_PODA_FORMACAO_2": null, "DATA_PODA_FORMACAO_3": null, "DATA_PODA_REDUCAO": null, "DATA_PODA_FLORACAO": null, "DATA_ADUBACAO_ORDINARIA": null, "ADUBACAO_FRUTIFICACAO": null, "IRRIGACAO_ORDINARIA": null, "IRRIGACAO_FLORACAO": null, "IRRIGACAO_FRUTIFICACAO": null, "DATA_IRRIGACAO_ORDINARIA": null, "DATA_IRRIGACAO_FLORACAO": null, "DATA_IRRIGACAO_FRUTIFICACAO": null, "INICIO_COLHEITA": null, "FIM_COLHEITA": null, "VOLUME_COLHIDO": null }, "geometry": { "type": "Point", "coordinates": [ -34.848793, -7.254993 ] } },
{ "type": "Feature", "properties": { "fid": 271, "ID": "C1305", "Latitude": -7.25511, "Longitude": -34.848818, "NOME_POPULAR": "Cajueiro", "NOME_CIENTIFICO": null, "DATA_PLANTIO": null, "TIPO_PLANTIO": null, "ALTURA_TOTAL": null, "DIAMETRO_COPA": null, "DATA_PODA_FORMACAO_1": null, "DATA_PODA_FORMACAO_2": null, "DATA_PODA_FORMACAO_3": null, "DATA_PODA_REDUCAO": null, "DATA_PODA_FLORACAO": null, "DATA_ADUBACAO_ORDINARIA": null, "ADUBACAO_FRUTIFICACAO": null, "IRRIGACAO_ORDINARIA": null, "IRRIGACAO_FLORACAO": null, "IRRIGACAO_FRUTIFICACAO": null, "DATA_IRRIGACAO_ORDINARIA": null, "DATA_IRRIGACAO_FLORACAO": null, "DATA_IRRIGACAO_FRUTIFICACAO": null, "INICIO_COLHEITA": null, "FIM_COLHEITA": null, "VOLUME_COLHIDO": null }, "geometry": { "type": "Point", "coordinates": [ -34.848818, -7.25511 ] } },
{ "type": "Feature", "properties": { "fid": 272, "ID": "C1306", "Latitude": -7.255168, "Longitude": -34.848829, "NOME_POPULAR": "Cajueiro", "NOME_CIENTIFICO": null, "DATA_PLANTIO": null, "TIPO_PLANTIO": null, "ALTURA_TOTAL": null, "DIAMETRO_COPA": null, "DATA_PODA_FORMACAO_1": null, "DATA_PODA_FORMACAO_2": null, "DATA_PODA_FORMACAO_3": null, "DATA_PODA_REDUCAO": null, "DATA_PODA_FLORACAO": null, "DATA_ADUBACAO_ORDINARIA": null, "ADUBACAO_FRUTIFICACAO": null, "IRRIGACAO_ORDINARIA": null, "IRRIGACAO_FLORACAO": null, "IRRIGACAO_FRUTIFICACAO": null, "DATA_IRRIGACAO_ORDINARIA": null, "DATA_IRRIGACAO_FLORACAO": null, "DATA_IRRIGACAO_FRUTIFICACAO": null, "INICIO_COLHEITA": null, "FIM_COLHEITA": null, "VOLUME_COLHIDO": null }, "geometry": { "type": "Point", "coordinates": [ -34.848829, -7.255168 ] } },
{ "type": "Feature", "properties": { "fid": 273, "ID": "C1307", "Latitude": -7.255228, "Longitude": -34.848851, "NOME_POPULAR": "Cajueiro", "NOME_CIENTIFICO": null, "DATA_PLANTIO": null, "TIPO_PLANTIO": null, "ALTURA_TOTAL": null, "DIAMETRO_COPA": null, "DATA_PODA_FORMACAO_1": null, "DATA_PODA_FORMACAO_2": null, "DATA_PODA_FORMACAO_3": null, "DATA_PODA_REDUCAO": null, "DATA_PODA_FLORACAO": null, "DATA_ADUBACAO_ORDINARIA": null, "ADUBACAO_FRUTIFICACAO": null, "IRRIGACAO_ORDINARIA": null, "IRRIGACAO_FLORACAO": null, "IRRIGACAO_FRUTIFICACAO": null, "DATA_IRRIGACAO_ORDINARIA": null, "DATA_IRRIGACAO_FLORACAO": null, "DATA_IRRIGACAO_FRUTIFICACAO": null, "INICIO_COLHEITA": null, "FIM_COLHEITA": null, "VOLUME_COLHIDO": null }, "geometry": { "type": "Point", "coordinates": [ -34.848851, -7.255228 ] } },
{ "type": "Feature", "properties": { "fid": 274, "ID": "C1308", "Latitude": -7.255329, "Longitude": -34.848916, "NOME_POPULAR": "Cajueiro", "NOME_CIENTIFICO": null, "DATA_PLANTIO": null, "TIPO_PLANTIO": null, "ALTURA_TOTAL": null, "DIAMETRO_COPA": null, "DATA_PODA_FORMACAO_1": null, "DATA_PODA_FORMACAO_2": null, "DATA_PODA_FORMACAO_3": null, "DATA_PODA_REDUCAO": null, "DATA_PODA_FLORACAO": null, "DATA_ADUBACAO_ORDINARIA": null, "ADUBACAO_FRUTIFICACAO": null, "IRRIGACAO_ORDINARIA": null, "IRRIGACAO_FLORACAO": null, "IRRIGACAO_FRUTIFICACAO": null, "DATA_IRRIGACAO_ORDINARIA": null, "DATA_IRRIGACAO_FLORACAO": null, "DATA_IRRIGACAO_FRUTIFICACAO": null, "INICIO_COLHEITA": null, "FIM_COLHEITA": null, "VOLUME_COLHIDO": null }, "geometry": { "type": "Point", "coordinates": [ -34.848916, -7.255329 ] } },
{ "type": "Feature", "properties": { "fid": 275, "ID": "C1309", "Latitude": -7.255377, "Longitude": -34.848932, "NOME_POPULAR": "Cajueiro", "NOME_CIENTIFICO": null, "DATA_PLANTIO": null, "TIPO_PLANTIO": null, "ALTURA_TOTAL": null, "DIAMETRO_COPA": null, "DATA_PODA_FORMACAO_1": null, "DATA_PODA_FORMACAO_2": null, "DATA_PODA_FORMACAO_3": null, "DATA_PODA_REDUCAO": null, "DATA_PODA_FLORACAO": null, "DATA_ADUBACAO_ORDINARIA": null, "ADUBACAO_FRUTIFICACAO": null, "IRRIGACAO_ORDINARIA": null, "IRRIGACAO_FLORACAO": null, "IRRIGACAO_FRUTIFICACAO": null, "DATA_IRRIGACAO_ORDINARIA": null, "DATA_IRRIGACAO_FLORACAO": null, "DATA_IRRIGACAO_FRUTIFICACAO": null, "INICIO_COLHEITA": null, "FIM_COLHEITA": null, "VOLUME_COLHIDO": null }, "geometry": { "type": "Point", "coordinates": [ -34.848932, -7.255377 ] } },
{ "type": "Feature", "properties": { "fid": 276, "ID": "C1310", "Latitude": -7.255423, "Longitude": -34.848931, "NOME_POPULAR": "Cajueiro", "NOME_CIENTIFICO": null, "DATA_PLANTIO": null, "TIPO_PLANTIO": null, "ALTURA_TOTAL": null, "DIAMETRO_COPA": null, "DATA_PODA_FORMACAO_1": null, "DATA_PODA_FORMACAO_2": null, "DATA_PODA_FORMACAO_3": null, "DATA_PODA_REDUCAO": null, "DATA_PODA_FLORACAO": null, "DATA_ADUBACAO_ORDINARIA": null, "ADUBACAO_FRUTIFICACAO": null, "IRRIGACAO_ORDINARIA": null, "IRRIGACAO_FLORACAO": null, "IRRIGACAO_FRUTIFICACAO": null, "DATA_IRRIGACAO_ORDINARIA": null, "DATA_IRRIGACAO_FLORACAO": null, "DATA_IRRIGACAO_FRUTIFICACAO": null, "INICIO_COLHEITA": null, "FIM_COLHEITA": null, "VOLUME_COLHIDO": null }, "geometry": { "type": "Point", "coordinates": [ -34.848931, -7.255423 ] } },
{ "type": "Feature", "properties": { "fid": 277, "ID": "C1311", "Latitude": -7.255482, "Longitude": -34.848941, "NOME_POPULAR": "Cajueiro", "NOME_CIENTIFICO": null, "DATA_PLANTIO": null, "TIPO_PLANTIO": null, "ALTURA_TOTAL": null, "DIAMETRO_COPA": null, "DATA_PODA_FORMACAO_1": null, "DATA_PODA_FORMACAO_2": null, "DATA_PODA_FORMACAO_3": null, "DATA_PODA_REDUCAO": null, "DATA_PODA_FLORACAO": null, "DATA_ADUBACAO_ORDINARIA": null, "ADUBACAO_FRUTIFICACAO": null, "IRRIGACAO_ORDINARIA": null, "IRRIGACAO_FLORACAO": null, "IRRIGACAO_FRUTIFICACAO": null, "DATA_IRRIGACAO_ORDINARIA": null, "DATA_IRRIGACAO_FLORACAO": null, "DATA_IRRIGACAO_FRUTIFICACAO": null, "INICIO_COLHEITA": null, "FIM_COLHEITA": null, "VOLUME_COLHIDO": null }, "geometry": { "type": "Point", "coordinates": [ -34.848941, -7.255482 ] } },
{ "type": "Feature", "properties": { "fid": 278, "ID": "C1312", "Latitude": -7.255544, "Longitude": -34.848965, "NOME_POPULAR": "Cajueiro", "NOME_CIENTIFICO": null, "DATA_PLANTIO": null, "TIPO_PLANTIO": null, "ALTURA_TOTAL": null, "DIAMETRO_COPA": null, "DATA_PODA_FORMACAO_1": null, "DATA_PODA_FORMACAO_2": null, "DATA_PODA_FORMACAO_3": null, "DATA_PODA_REDUCAO": null, "DATA_PODA_FLORACAO": null, "DATA_ADUBACAO_ORDINARIA": null, "ADUBACAO_FRUTIFICACAO": null, "IRRIGACAO_ORDINARIA": null, "IRRIGACAO_FLORACAO": null, "IRRIGACAO_FRUTIFICACAO": null, "DATA_IRRIGACAO_ORDINARIA": null, "DATA_IRRIGACAO_FLORACAO": null, "DATA_IRRIGACAO_FRUTIFICACAO": null, "INICIO_COLHEITA": null, "FIM_COLHEITA": null, "VOLUME_COLHIDO": null }, "geometry": { "type": "Point", "coordinates": [ -34.848965, -7.255544 ] } },
{ "type": "Feature", "properties": { "fid": 279, "ID": "C1401", "Latitude": -7.255501, "Longitude": -34.849071, "NOME_POPULAR": "Cajueiro", "NOME_CIENTIFICO": null, "DATA_PLANTIO": null, "TIPO_PLANTIO": null, "ALTURA_TOTAL": null, "DIAMETRO_COPA": null, "DATA_PODA_FORMACAO_1": null, "DATA_PODA_FORMACAO_2": null, "DATA_PODA_FORMACAO_3": null, "DATA_PODA_REDUCAO": null, "DATA_PODA_FLORACAO": null, "DATA_ADUBACAO_ORDINARIA": null, "ADUBACAO_FRUTIFICACAO": null, "IRRIGACAO_ORDINARIA": null, "IRRIGACAO_FLORACAO": null, "IRRIGACAO_FRUTIFICACAO": null, "DATA_IRRIGACAO_ORDINARIA": null, "DATA_IRRIGACAO_FLORACAO": null, "DATA_IRRIGACAO_FRUTIFICACAO": null, "INICIO_COLHEITA": null, "FIM_COLHEITA": null, "VOLUME_COLHIDO": null }, "geometry": { "type": "Point", "coordinates": [ -34.849071, -7.255501 ] } },
{ "type": "Feature", "properties": { "fid": 280, "ID": "C1402", "Latitude": -7.255482, "Longitude": -34.849045, "NOME_POPULAR": "Cajueiro", "NOME_CIENTIFICO": null, "DATA_PLANTIO": null, "TIPO_PLANTIO": null, "ALTURA_TOTAL": null, "DIAMETRO_COPA": null, "DATA_PODA_FORMACAO_1": null, "DATA_PODA_FORMACAO_2": null, "DATA_PODA_FORMACAO_3": null, "DATA_PODA_REDUCAO": null, "DATA_PODA_FLORACAO": null, "DATA_ADUBACAO_ORDINARIA": null, "ADUBACAO_FRUTIFICACAO": null, "IRRIGACAO_ORDINARIA": null, "IRRIGACAO_FLORACAO": null, "IRRIGACAO_FRUTIFICACAO": null, "DATA_IRRIGACAO_ORDINARIA": null, "DATA_IRRIGACAO_FLORACAO": null, "DATA_IRRIGACAO_FRUTIFICACAO": null, "INICIO_COLHEITA": null, "FIM_COLHEITA": null, "VOLUME_COLHIDO": null }, "geometry": { "type": "Point", "coordinates": [ -34.849045, -7.255482 ] } },
{ "type": "Feature", "properties": { "fid": 281, "ID": "C1403", "Latitude": -7.255431, "Longitude": -34.849023, "NOME_POPULAR": "Cajueiro", "NOME_CIENTIFICO": null, "DATA_PLANTIO": null, "TIPO_PLANTIO": null, "ALTURA_TOTAL": null, "DIAMETRO_COPA": null, "DATA_PODA_FORMACAO_1": null, "DATA_PODA_FORMACAO_2": null, "DATA_PODA_FORMACAO_3": null, "DATA_PODA_REDUCAO": null, "DATA_PODA_FLORACAO": null, "DATA_ADUBACAO_ORDINARIA": null, "ADUBACAO_FRUTIFICACAO": null, "IRRIGACAO_ORDINARIA": null, "IRRIGACAO_FLORACAO": null, "IRRIGACAO_FRUTIFICACAO": null, "DATA_IRRIGACAO_ORDINARIA": null, "DATA_IRRIGACAO_FLORACAO": null, "DATA_IRRIGACAO_FRUTIFICACAO": null, "INICIO_COLHEITA": null, "FIM_COLHEITA": null, "VOLUME_COLHIDO": null }, "geometry": { "type": "Point", "coordinates": [ -34.849023, -7.255431 ] } },
{ "type": "Feature", "properties": { "fid": 282, "ID": "C1404", "Latitude": -7.255403, "Longitude": -34.849018, "NOME_POPULAR": "Cajueiro", "NOME_CIENTIFICO": null, "DATA_PLANTIO": null, "TIPO_PLANTIO": null, "ALTURA_TOTAL": null, "DIAMETRO_COPA": null, "DATA_PODA_FORMACAO_1": null, "DATA_PODA_FORMACAO_2": null, "DATA_PODA_FORMACAO_3": null, "DATA_PODA_REDUCAO": null, "DATA_PODA_FLORACAO": null, "DATA_ADUBACAO_ORDINARIA": null, "ADUBACAO_FRUTIFICACAO": null, "IRRIGACAO_ORDINARIA": null, "IRRIGACAO_FLORACAO": null, "IRRIGACAO_FRUTIFICACAO": null, "DATA_IRRIGACAO_ORDINARIA": null, "DATA_IRRIGACAO_FLORACAO": null, "DATA_IRRIGACAO_FRUTIFICACAO": null, "INICIO_COLHEITA": null, "FIM_COLHEITA": null, "VOLUME_COLHIDO": null }, "geometry": { "type": "Point", "coordinates": [ -34.849018, -7.255403 ] } },
{ "type": "Feature", "properties": { "fid": 283, "ID": "C1405", "Latitude": -7.255321, "Longitude": -34.848975, "NOME_POPULAR": "Cajueiro", "NOME_CIENTIFICO": null, "DATA_PLANTIO": null, "TIPO_PLANTIO": null, "ALTURA_TOTAL": null, "DIAMETRO_COPA": null, "DATA_PODA_FORMACAO_1": null, "DATA_PODA_FORMACAO_2": null, "DATA_PODA_FORMACAO_3": null, "DATA_PODA_REDUCAO": null, "DATA_PODA_FLORACAO": null, "DATA_ADUBACAO_ORDINARIA": null, "ADUBACAO_FRUTIFICACAO": null, "IRRIGACAO_ORDINARIA": null, "IRRIGACAO_FLORACAO": null, "IRRIGACAO_FRUTIFICACAO": null, "DATA_IRRIGACAO_ORDINARIA": null, "DATA_IRRIGACAO_FLORACAO": null, "DATA_IRRIGACAO_FRUTIFICACAO": null, "INICIO_COLHEITA": null, "FIM_COLHEITA": null, "VOLUME_COLHIDO": null }, "geometry": { "type": "Point", "coordinates": [ -34.848975, -7.255321 ] } },
{ "type": "Feature", "properties": { "fid": 284, "ID": "C1406", "Latitude": -7.25526, "Longitude": -34.848958, "NOME_POPULAR": "Cajueiro", "NOME_CIENTIFICO": null, "DATA_PLANTIO": null, "TIPO_PLANTIO": null, "ALTURA_TOTAL": null, "DIAMETRO_COPA": null, "DATA_PODA_FORMACAO_1": null, "DATA_PODA_FORMACAO_2": null, "DATA_PODA_FORMACAO_3": null, "DATA_PODA_REDUCAO": null, "DATA_PODA_FLORACAO": null, "DATA_ADUBACAO_ORDINARIA": null, "ADUBACAO_FRUTIFICACAO": null, "IRRIGACAO_ORDINARIA": null, "IRRIGACAO_FLORACAO": null, "IRRIGACAO_FRUTIFICACAO": null, "DATA_IRRIGACAO_ORDINARIA": null, "DATA_IRRIGACAO_FLORACAO": null, "DATA_IRRIGACAO_FRUTIFICACAO": null, "INICIO_COLHEITA": null, "FIM_COLHEITA": null, "VOLUME_COLHIDO": null }, "geometry": { "type": "Point", "coordinates": [ -34.848958, -7.25526 ] } },
{ "type": "Feature", "properties": { "fid": 285, "ID": "C1407", "Latitude": -7.255206, "Longitude": -34.848924, "NOME_POPULAR": "Cajueiro", "NOME_CIENTIFICO": null, "DATA_PLANTIO": null, "TIPO_PLANTIO": null, "ALTURA_TOTAL": null, "DIAMETRO_COPA": null, "DATA_PODA_FORMACAO_1": null, "DATA_PODA_FORMACAO_2": null, "DATA_PODA_FORMACAO_3": null, "DATA_PODA_REDUCAO": null, "DATA_PODA_FLORACAO": null, "DATA_ADUBACAO_ORDINARIA": null, "ADUBACAO_FRUTIFICACAO": null, "IRRIGACAO_ORDINARIA": null, "IRRIGACAO_FLORACAO": null, "IRRIGACAO_FRUTIFICACAO": null, "DATA_IRRIGACAO_ORDINARIA": null, "DATA_IRRIGACAO_FLORACAO": null, "DATA_IRRIGACAO_FRUTIFICACAO": null, "INICIO_COLHEITA": null, "FIM_COLHEITA": null, "VOLUME_COLHIDO": null }, "geometry": { "type": "Point", "coordinates": [ -34.848924, -7.255206 ] } },
{ "type": "Feature", "properties": { "fid": 286, "ID": "C1408", "Latitude": -7.255144, "Longitude": -34.8489, "NOME_POPULAR": "Cajueiro", "NOME_CIENTIFICO": null, "DATA_PLANTIO": null, "TIPO_PLANTIO": null, "ALTURA_TOTAL": null, "DIAMETRO_COPA": null, "DATA_PODA_FORMACAO_1": null, "DATA_PODA_FORMACAO_2": null, "DATA_PODA_FORMACAO_3": null, "DATA_PODA_REDUCAO": null, "DATA_PODA_FLORACAO": null, "DATA_ADUBACAO_ORDINARIA": null, "ADUBACAO_FRUTIFICACAO": null, "IRRIGACAO_ORDINARIA": null, "IRRIGACAO_FLORACAO": null, "IRRIGACAO_FRUTIFICACAO": null, "DATA_IRRIGACAO_ORDINARIA": null, "DATA_IRRIGACAO_FLORACAO": null, "DATA_IRRIGACAO_FRUTIFICACAO": null, "INICIO_COLHEITA": null, "FIM_COLHEITA": null, "VOLUME_COLHIDO": null }, "geometry": { "type": "Point", "coordinates": [ -34.8489, -7.255144 ] } },
{ "type": "Feature", "properties": { "fid": 287, "ID": "C1409", "Latitude": -7.255092, "Longitude": -34.848891, "NOME_POPULAR": "Cajueiro", "NOME_CIENTIFICO": null, "DATA_PLANTIO": null, "TIPO_PLANTIO": null, "ALTURA_TOTAL": null, "DIAMETRO_COPA": null, "DATA_PODA_FORMACAO_1": null, "DATA_PODA_FORMACAO_2": null, "DATA_PODA_FORMACAO_3": null, "DATA_PODA_REDUCAO": null, "DATA_PODA_FLORACAO": null, "DATA_ADUBACAO_ORDINARIA": null, "ADUBACAO_FRUTIFICACAO": null, "IRRIGACAO_ORDINARIA": null, "IRRIGACAO_FLORACAO": null, "IRRIGACAO_FRUTIFICACAO": null, "DATA_IRRIGACAO_ORDINARIA": null, "DATA_IRRIGACAO_FLORACAO": null, "DATA_IRRIGACAO_FRUTIFICACAO": null, "INICIO_COLHEITA": null, "FIM_COLHEITA": null, "VOLUME_COLHIDO": null }, "geometry": { "type": "Point", "coordinates": [ -34.848891, -7.255092 ] } },
{ "type": "Feature", "properties": { "fid": 288, "ID": "C1410", "Latitude": -7.255038, "Longitude": -34.848876, "NOME_POPULAR": "Cajueiro", "NOME_CIENTIFICO": null, "DATA_PLANTIO": null, "TIPO_PLANTIO": null, "ALTURA_TOTAL": null, "DIAMETRO_COPA": null, "DATA_PODA_FORMACAO_1": null, "DATA_PODA_FORMACAO_2": null, "DATA_PODA_FORMACAO_3": null, "DATA_PODA_REDUCAO": null, "DATA_PODA_FLORACAO": null, "DATA_ADUBACAO_ORDINARIA": null, "ADUBACAO_FRUTIFICACAO": null, "IRRIGACAO_ORDINARIA": null, "IRRIGACAO_FLORACAO": null, "IRRIGACAO_FRUTIFICACAO": null, "DATA_IRRIGACAO_ORDINARIA": null, "DATA_IRRIGACAO_FLORACAO": null, "DATA_IRRIGACAO_FRUTIFICACAO": null, "INICIO_COLHEITA": null, "FIM_COLHEITA": null, "VOLUME_COLHIDO": null }, "geometry": { "type": "Point", "coordinates": [ -34.848876, -7.255038 ] } },
{ "type": "Feature", "properties": { "fid": 289, "ID": "C1411", "Latitude": -7.254974, "Longitude": -34.848844, "NOME_POPULAR": "Cajueiro", "NOME_CIENTIFICO": null, "DATA_PLANTIO": null, "TIPO_PLANTIO": null, "ALTURA_TOTAL": null, "DIAMETRO_COPA": null, "DATA_PODA_FORMACAO_1": null, "DATA_PODA_FORMACAO_2": null, "DATA_PODA_FORMACAO_3": null, "DATA_PODA_REDUCAO": null, "DATA_PODA_FLORACAO": null, "DATA_ADUBACAO_ORDINARIA": null, "ADUBACAO_FRUTIFICACAO": null, "IRRIGACAO_ORDINARIA": null, "IRRIGACAO_FLORACAO": null, "IRRIGACAO_FRUTIFICACAO": null, "DATA_IRRIGACAO_ORDINARIA": null, "DATA_IRRIGACAO_FLORACAO": null, "DATA_IRRIGACAO_FRUTIFICACAO": null, "INICIO_COLHEITA": null, "FIM_COLHEITA": null, "VOLUME_COLHIDO": null }, "geometry": { "type": "Point", "coordinates": [ -34.848844, -7.254974 ] } },
{ "type": "Feature", "properties": { "fid": 290, "ID": "C1412", "Latitude": -7.254889, "Longitude": -34.848792, "NOME_POPULAR": "Cajueiro", "NOME_CIENTIFICO": null, "DATA_PLANTIO": null, "TIPO_PLANTIO": null, "ALTURA_TOTAL": null, "DIAMETRO_COPA": null, "DATA_PODA_FORMACAO_1": null, "DATA_PODA_FORMACAO_2": null, "DATA_PODA_FORMACAO_3": null, "DATA_PODA_REDUCAO": null, "DATA_PODA_FLORACAO": null, "DATA_ADUBACAO_ORDINARIA": null, "ADUBACAO_FRUTIFICACAO": null, "IRRIGACAO_ORDINARIA": null, "IRRIGACAO_FLORACAO": null, "IRRIGACAO_FRUTIFICACAO": null, "DATA_IRRIGACAO_ORDINARIA": null, "DATA_IRRIGACAO_FLORACAO": null, "DATA_IRRIGACAO_FRUTIFICACAO": null, "INICIO_COLHEITA": null, "FIM_COLHEITA": null, "VOLUME_COLHIDO": null }, "geometry": { "type": "Point", "coordinates": [ -34.848792, -7.254889 ] } },
{ "type": "Feature", "properties": { "fid": 291, "ID": "C99", "Latitude": -7.255526, "Longitude": -34.848765, "NOME_POPULAR": "Cajueiro", "NOME_CIENTIFICO": null, "DATA_PLANTIO": null, "TIPO_PLANTIO": null, "ALTURA_TOTAL": null, "DIAMETRO_COPA": null, "DATA_PODA_FORMACAO_1": null, "DATA_PODA_FORMACAO_2": null, "DATA_PODA_FORMACAO_3": null, "DATA_PODA_REDUCAO": null, "DATA_PODA_FLORACAO": null, "DATA_ADUBACAO_ORDINARIA": null, "ADUBACAO_FRUTIFICACAO": null, "IRRIGACAO_ORDINARIA": null, "IRRIGACAO_FLORACAO": null, "IRRIGACAO_FRUTIFICACAO": null, "DATA_IRRIGACAO_ORDINARIA": null, "DATA_IRRIGACAO_FLORACAO": null, "DATA_IRRIGACAO_FRUTIFICACAO": null, "INICIO_COLHEITA": null, "FIM_COLHEITA": null, "VOLUME_COLHIDO": null }, "geometry": { "type": "Point", "coordinates": [ -34.848765, -7.255526 ] } }
]
}
